Potential (V),Current (A),Adjusted Potential (V),Adjusted Current (A),Potential (V),Current (A),Adjusted Potential (V),Adjusted Current (A),Potential (V),Current (A),Adjusted Potential (V),Adjusted Current (A),Potential (V),Current (A),Adjusted Potential (V),Adjusted Current (A)
-0.99728,-4.6424e-05,-1.0,-4.8016731472569746e-05,-0.99743,-0.00020862,-1.0,-0.00021349097021276586,-0.99745,-0.00021323,-1.0,-0.0002176638631651694,-0.99744,-0.00021355,-1.0,-0.00021830686520376175
-0.98689,-4.034e-05,-0.99,-4.216110105871026e-05,-0.98568,-0.00018635,-0.99,-0.0001945377787234042,-0.98298,-0.00018807,-0.99,-0.00020027616447823089,-0.98468,-0.00018984,-0.99,-0.0001997253605015674
-0.97258,-3.364e-05,-0.98,-3.7114074074074054e-05,-0.97402,-0.00016508,-0.98,-0.000175988627787307,-0.97139,-0.00016644,-0.98,-0.00018250853321829166,-0.97302,-0.00016819,-0.98,-0.00018115029159519725
-0.95832,-2.7905e-05,-0.97,-3.260239130434782e-05,-0.95972,-0.00014379,-0.97,-0.00015909497902097898,-0.9571,-0.00014509,-0.97,-0.00016436326801959415,-0.95875,-0.00014665,-0.97,-0.00016363142957252975
-0.94425,-2.2726e-05,-0.96,-2.858065217391305e-05,-0.94533,-0.00012551,-0.96,-0.00014420686713286705,-0.94264,-0.00012607,-0.96,-0.00014942275017494755,-0.94437,-0.00012741,-0.96,-0.0001485368255080588
-0.92991,-1.7882e-05,-0.95,-2.4842506751954496e-05,-0.93133,-0.00010866,-0.95,-0.00013144242529534392,-0.92802,-0.00010896,-0.95,-0.00013575099585062236,-0.92971,-0.00010995,-0.95,-0.00013494276773296236
-0.91561,-1.2511e-05,-0.94,-2.1290365411436513e-05,-0.91699,-9.3503e-05,-0.94,-0.00011909496428571423,-0.91372,-9.3785e-05,-0.94,-0.00012298036935704505,-0.91543,-9.474e-05,-0.94,-0.00012220534788540236
-0.90121,-6.8394e-06,-0.9299999999999999,-1.791240167364014e-05,-0.90297,-7.9866e-05,-0.9299999999999999,-0.00010725422524407247,-0.89929,-7.9516e-05,-0.9299999999999999,-0.0001112772229822161,-0.90098,-8.0451e-05,-0.9299999999999999,-0.00011029538881309675
-0.88725,-1.1619e-06,-0.9199999999999999,-1.4159859440559403e-05,-0.88899,-6.7048e-05,-0.9199999999999999,-9.668449023709897e-05,-0.88503,-6.6395e-05,-0.9199999999999999,-0.00010044926573426569,-0.8867,-6.7208e-05,-0.9199999999999999,-9.96076260504201e-05
-0.87296,4.6673e-06,-0.9099999999999999,-1.0301439166666634e-05,-0.87464,-5.4665e-05,-0.9099999999999999,-8.67039536376604e-05,-0.8707,-5.3946e-05,-0.9099999999999999,-9.010650519750512e-05,-0.8724,-5.4759e-05,-0.9099999999999999,-8.937050034602071e-05
-0.85888,1.0962e-05,-0.8999999999999999,-6.347295773638949e-06,-0.86064,-4.3129e-05,-0.8999999999999999,-7.714286266094409e-05,-0.85625,-4.1935e-05,-0.8999999999999999,-8.021807830907819e-05,-0.85798,-4.2924e-05,-0.8999999999999999,-7.954216666666658e-05
-0.84455,1.7883e-05,-0.8899999999999999,-2.280318696275041e-06,-0.84628,-3.1777e-05,-0.8899999999999999,-6.797405007153071e-05,-0.84232,-3.0888e-05,-0.8899999999999999,-7.096802734922853e-05,-0.84397,-3.1858e-05,-0.8899999999999999,-7.026835714285702e-05
-0.83022,2.5061e-05,-0.8799999999999999,1.7955317704688908e-06,-0.83228,-2.1201e-05,-0.8799999999999999,-5.929028780487799e-05,-0.828,-2.0016e-05,-0.8799999999999999,-6.202525331472426e-05,-0.82965,-2.0715e-05,-0.8799999999999999,-6.137525174825165e-05
-0.81578,3.2737e-05,-0.8699999999999999,5.990617613636398e-06,-0.81855,-1.1018e-05,-0.8699999999999999,-5.084163999999993e-05,-0.81386,-9.369e-06,-0.8699999999999999,-5.3364152249134835e-05,-0.81521,-1.0222e-05,-0.8699999999999999,-5.2789235783633787e-05
-0.80147,4.0468e-05,-0.8599999999999999,1.046128522727277e-05,-0.80453,-9.8564e-07,-0.8599999999999999,-4.262306128133698e-05,-0.79957,1.0842e-06,-0.8599999999999999,-4.5052041522491264e-05,-0.80023,7.2067e-07,-0.8599999999999999,-4.458188488210811e-05
-0.78747,4.8316e-05,-0.8499999999999999,1.5250798325191972e-05,-0.79018,9.22e-06,-0.8499999999999999,-3.471776880222829e-05,-0.78524,1.1124e-05,-0.8499999999999999,-3.6978521177315074e-05,-0.78623,1.0552e-05,-0.8499999999999999,-3.6620882226980636e-05
-0.77271,5.7373e-05,-0.8399999999999999,2.016212770411731e-05,-0.77583,1.9e-05,-0.8399999999999999,-2.7032908571428442e-05,-0.77078,2.0956e-05,-0.8399999999999999,-2.912661452513959e-05,-0.77214,2.0219e-05,-0.8399999999999999,-2.8768774441340673e-05
-0.75832,6.5648e-05,-0.8299999999999998,2.517794736842111e-05,-0.76145,2.8679e-05,-0.8299999999999998,-1.9510013838310144e-05,-0.75616,3.083e-05,-0.8299999999999998,-2.153443575418986e-05,-0.75779,2.9829e-05,-0.8299999999999998,-2.098734986033508e-05
-0.74334,7.5302e-05,-0.8199999999999998,3.0493736842105324e-05,-0.74741,3.7931e-05,-0.8199999999999998,-1.2093407865986769e-05,-0.74211,3.9786e-05,-0.8199999999999998,-1.3992237623762258e-05,-0.74341,3.9115e-05,-0.8199999999999998,-1.3702711218836454e-05
-0.72921,8.3751e-05,-0.8099999999999998,3.5859654088050395e-05,-0.73299,4.7165e-05,-0.8099999999999998,-4.8998346647645155e-06,-0.72763,4.8941e-05,-0.8099999999999998,-6.545392442267181e-06,-0.72931,4.8028e-05,-0.8099999999999998,-6.416171515353687e-06
-0.71524,9.2016e-05,-0.7999999999999998,4.129204000000011e-05,-0.71896,5.5498e-05,-0.7999999999999998,2.2360707456447087e-06,-0.71335,5.7426e-05,-0.7999999999999998,7.696530440869081e-07,-0.71499,5.6546e-05,-0.7999999999999998,8.821847071429795e-07
-0.70088,0.0001005,-0.7899999999999998,4.6897754285714395e-05,-0.70495,6.3472e-05,-0.7899999999999998,9.342675958188276e-06,-0.69898,6.5407e-05,-0.7899999999999998,7.789076901605178e-06,-0.70062,6.4652e-05,-0.7899999999999998,7.904563278571551e-06
-0.68647,0.0001086,-0.7799999999999998,5.289972560975622e-05,-0.69059,7.1397e-05,-0.7799999999999998,1.6158006968641257e-05,-0.68419,7.3458e-05,-0.7799999999999998,1.468691009681897e-05,-0.68615,7.2291e-05,-0.7799999999999998,1.482633711852392e-05
-0.67246,0.00011562,-0.7699999999999998,5.8931391243919514e-05,-0.67653,7.8325e-05,-0.7699999999999998,2.2924100834492485e-05,-0.66984,8.0096e-05,-0.7699999999999998,2.1482793433652684e-05,-0.67186,7.9236e-05,-0.7699999999999998,2.1652128919860788e-05
-0.65812,0.00012248,-0.7599999999999998,6.468191243919401e-05,-0.66218,8.4955e-05,-0.7599999999999998,2.963451282051294e-05,-0.65551,8.6437e-05,-0.7599999999999998,2.823655540355695e-05,-0.65755,8.5893e-05,-0.7599999999999998,2.8348993031359013e-05
-0.64402,0.00012809,-0.7499999999999998,7.100990120160229e-05,-0.64781,9.0652e-05,-0.7499999999999998,3.6224256410256564e-05,-0.64141,9.1996e-05,-0.7499999999999998,3.4756616370106935e-05,-0.64375,9.1032e-05,-0.7499999999999998,3.4859454798331156e-05
-0.62971,0.00013304,-0.7399999999999998,7.729914508138727e-05,-0.63345,9.5243e-05,-0.7399999999999998,4.2676072122052867e-05,-0.6271,9.692e-05,-0.7399999999999998,4.1120050414364814e-05,-0.62945,9.574e-05,-0.7399999999999998,4.127055531914909e-05
-0.61537,0.00013728,-0.7299999999999998,8.327862137296549e-05,-0.6185,0.00010097,-0.7299999999999998,4.89408852459018e-05,-0.61277,0.00010154,-0.7299999999999998,4.7442564226519494e-05,-0.61478,0.0001008,-0.7299999999999998,4.7591831914893777e-05
-0.60096,0.00014073,-0.7199999999999998,8.919986542591282e-05,-0.60404,0.00010542,-0.7199999999999998,5.488030078403439e-05,-0.59865,0.0001053,-0.7199999999999998,5.3474651960784475e-05,-0.60035,0.00010483,-0.7199999999999998,5.356588966480462e-05
-0.58664,0.00014333,-0.7099999999999997,9.511183286908092e-05,-0.58999,0.0001084,-0.7099999999999997,6.059771734475389e-05,-0.58403,0.00010927,-0.7099999999999997,5.928656715379279e-05,-0.58603,0.00010854,-0.7099999999999997,5.936081837160767e-05
-0.57262,0.00014499,-0.6999999999999997,0.00010099465648854975,-0.57534,0.00011213,-0.6999999999999997,6.620380710306421e-05,-0.57005,0.0001125,-0.6999999999999997,6.484049895615884e-05,-0.57173,0.00011152,-0.6999999999999997,6.497931029716671e-05
-0.55822,0.00014698,-0.6899999999999997,0.00010661575294934089,-0.56096,0.00011545,-0.6899999999999997,7.168771977240413e-05,-0.55559,0.00011576,-0.6899999999999997,7.029530155510495e-05,-0.55692,0.00011534,-0.6899999999999997,7.025850863856271e-05
-0.54429,0.00014756,-0.6799999999999997,0.00011184192719486094,-0.54696,0.000118,-0.6799999999999997,7.661517354196315e-05,-0.54165,0.00011838,-0.6799999999999997,7.539620348432068e-05,-0.54298,0.00011796,-0.6799999999999997,7.527992582225348e-05
-0.52994,0.00014859,-0.6699999999999997,0.00011679682008368213,-0.53263,0.00012124,-0.6699999999999997,8.134199651567958e-05,-0.52732,0.00012165,-0.6699999999999997,8.002198745644612e-05,-0.52865,0.0001211,-0.6699999999999997,8.01012704402517e-05
-0.51556,0.00014983,-0.6599999999999997,0.00012158064156206432,-0.5186,0.0001238,-0.6599999999999997,8.581926304801683e-05,-0.51322,0.00012441,-0.6599999999999997,8.445018283321717e-05,-0.51426,0.00012416,-0.6599999999999997,8.475326205450747e-05
-0.50122,0.00015076,-0.6499999999999997,0.00012571072340425546,-0.50424,0.00012695,-0.6499999999999997,8.978377244258885e-05,-0.49889,0.00012766,-0.6499999999999997,8.860934680851077e-05,-0.49992,0.00012672,-0.6499999999999997,8.870455434782621e-05
-0.48721,0.00015165,-0.6399999999999997,0.00012948056603773596,-0.48992,0.00013021,-0.6399999999999997,9.314891573816165e-05,-0.4846,0.0001306,-0.6399999999999997,9.2481174004193e-05,-0.4853,0.00013022,-0.6399999999999997,9.22666153846155e-05
-0.47283,0.00015324,-0.6299999999999997,0.0001329396855345913,-0.4759,0.00013304,-0.6299999999999997,9.65646153846155e-05,-0.47023,0.00013393,-0.6299999999999997,9.59221243885396e-05,-0.47086,0.00013367,-0.6299999999999997,9.555892307692318e-05
-0.45856,0.00015458,-0.6199999999999997,0.0001359110181311019,-0.46193,0.00013591,-0.6199999999999997,0.00010039538461538476,-0.45594,0.00013735,-0.6199999999999997,9.92090439637126e-05,-0.45658,0.00013734,-0.6199999999999997,9.899950920245409e-05
-0.44456,0.00015602,-0.6099999999999997,0.00013856566967383768,-0.44793,0.00013888,-0.6099999999999997,0.00010358583679114811,-0.44198,0.00013997,-0.6099999999999997,0.00010227762039660067,-0.44261,0.00014045,-0.6099999999999997,0.00010213495495495505
-0.43017,0.00015814,-0.5999999999999996,0.00014090430167597773,-0.43356,0.00014207,-0.5999999999999996,0.00010627688256227766,-0.42719,0.00014412,-0.5999999999999996,0.00010494050991501426,-0.42847,0.00014376,-0.5999999999999996,0.00010492067737430178
-0.4162,0.00015989,-0.5899999999999996,0.0001427199441340783,-0.41886,0.00014612,-0.5899999999999996,0.00010839787900355881,-0.41293,0.00014775,-0.5899999999999996,0.00010764887140902883,-0.41423,0.00014755,-0.5899999999999996,0.00010751145949720681
-0.40187,0.00016205,-0.5799999999999996,0.0001441161911554922,-0.40492,0.00014878,-0.5799999999999996,0.000110943529010239,-0.39895,0.00015078,-0.5799999999999996,0.0001102011087267526,-0.40025,0.00015095,-0.5799999999999996,0.00010979660139860148
-0.38781,0.00016481,-0.5699999999999996,0.0001453520694444445,-0.39053,0.00015292,-0.5699999999999996,0.00011336287899860927,-0.38454,0.00015424,-0.5699999999999996,0.00011251127247579537,-0.38617,0.00015375,-0.5699999999999996,0.00011196622552329517
-0.37385,0.00016674,-0.5599999999999996,0.00014673401388888896,-0.37653,0.00015548,-0.5599999999999996,0.00011562485714285722,-0.37028,0.00015669,-0.5599999999999996,0.00011476576763485487,-0.37157,0.00015766,-0.5599999999999996,0.00011454556380823778
-0.35952,0.00016926,-0.5499999999999996,0.00014732225412778178,-0.36188,0.0001593,-0.5499999999999996,0.00011744628571428578,-0.35523,0.00016079,-0.5499999999999996,0.00011681063127690109,-0.35723,0.00016066,-0.5499999999999996,0.0001166406025824965
-0.34541,0.0001711,-0.5399999999999996,0.00014786792334494777,-0.34781,0.00016191,-0.5399999999999996,0.00011957364968597357,-0.34081,0.00016389,-0.5399999999999996,0.0001187565177948361,-0.34275,0.00016358,-0.5399999999999996,0.00011861297976273562
-0.33114,0.00017619,-0.5299999999999996,0.000148585693379791,-0.33312,0.00016527,-0.5299999999999996,0.00012171988595866009,-0.3265,0.00016593,-0.5299999999999996,0.00012103844382414524,-0.32844,0.00016677,-0.5299999999999996,0.00012080418702023735
-0.31945,0.00017467,-0.5199999999999996,0.00014944713490959669,-0.3188,0.00016805,-0.5199999999999996,0.000123544547398432,-0.31181,0.00016912,-0.5199999999999996,0.00012308285106382987,-0.3145,0.00016911,-0.5199999999999996,0.000122939402362752
-0.30539,0.00017649,-0.5099999999999996,0.0001501905857740586,-0.30478,0.00016969,-0.5099999999999996,0.00012568649025069647,-0.29736,0.00017125,-0.5099999999999996,0.00012514028611304966,-0.30041,0.00017126,-0.5099999999999996,0.0001249205020920503
-0.29105,0.00018143,-0.49999999999999956,0.0001508375017844397,-0.29043,0.00017234,-0.49999999999999956,0.00012791525139664814,-0.2828,0.00017391,-0.49999999999999956,0.00012740825540823457,-0.28613,0.00017353,-0.49999999999999956,0.0001267057182705719
-0.27942,0.00018235,-0.48999999999999955,0.00015147276231263385,-0.27611,0.00017477,-0.48999999999999955,0.0001301917877094973,-0.26846,0.00017646,-0.48999999999999955,0.00012948901329601128,-0.27215,0.00017518,-0.48999999999999955,0.0001290948290013681
-0.26773,0.00018338,-0.47999999999999954,0.00015244721140472885,-0.26173,0.00017732,-0.47999999999999954,0.00013221239657631962,-0.25433,0.00017788,-0.47999999999999954,0.00013166597077244268,-0.25768,0.00017733,-0.47999999999999954,0.00013148627423822728
-0.25597,0.00018393,-0.46999999999999953,0.00015350574632095308,-0.24769,0.00017885,-0.46999999999999953,0.0001342520973514675,-0.23975,0.00018054,-0.46999999999999953,0.0001339850454863542,-0.24342,0.0001791,-0.46999999999999953,0.00013389102240896373
-0.24369,0.00018291,-0.4599999999999995,0.00015444477925718295,-0.23337,0.00018052,-0.4599999999999995,0.0001363194357142858,-0.22572,0.00018186,-0.4599999999999995,0.00013637832750174958,-0.22875,0.0001814,-0.4599999999999995,0.0001364610504201682
-0.22971,0.00018429,-0.4499999999999995,0.00015546045714285718,-0.21901,0.00018052,-0.4499999999999995,0.00013844086428571438,-0.21127,0.00018414,-0.4499999999999995,0.00013846481375358175,-0.21465,0.00018307,-0.4499999999999995,0.00013880483894058708
-0.21527,0.00018917,-0.4399999999999995,0.00015669179986101467,-0.20337,0.00018414,-0.4399999999999995,0.00014064038274182335,-0.19437,0.00018967,-0.4399999999999995,0.00014052557809330642,-0.20035,0.00018471,-0.4399999999999995,0.00014106096888260266
-0.20364,0.00018253,-0.4299999999999995,0.00015816129563350043,-0.18938,0.00018519,-0.4299999999999995,0.00014305081632653074,-0.18306,0.00018616,-0.4299999999999995,0.00014333152805949981,-0.18642,0.00018607,-0.4299999999999995,0.00014340184582744
-0.18603,0.00018963,-0.4199999999999995,0.00015941397995705088,-0.17498,0.00018686,-0.4199999999999995,0.00014580591836734708,-0.16897,0.00018797,-0.4199999999999995,0.00014595027349228624,-0.17195,0.00018797,-0.4199999999999995,0.00014601430477528105
-0.17191,0.0001917,-0.4099999999999995,0.00016082454291695752,-0.16066,0.00018816,-0.4099999999999995,0.0001478106456241034,-0.15501,0.00018869,-0.4099999999999995,0.00014838504291845507,-0.15799,0.00018876,-0.4099999999999995,0.000148578755364807
-0.1586,0.00019421,-0.39999999999999947,0.0001624170839260314,-0.14634,0.00018973,-0.39999999999999947,0.00015019548297428784,-0.14068,0.00018886,-0.39999999999999947,0.00015055242489270398,-0.14401,0.00018975,-0.39999999999999947,0.000150999715909091
-0.14664,0.00019266,-0.38999999999999946,0.00016438009957325757,-0.13191,0.00019116,-0.38999999999999946,0.00015301691428571437,-0.12557,0.00019137,-0.38999999999999946,0.00015292899375433737,-0.12955,0.00019131,-0.38999999999999946,0.00015298835227272738
-0.13286,0.00019326,-0.37999999999999945,0.0001658897492836677,-0.11757,0.00019247,-0.37999999999999945,0.0001548454857142858,-0.11096,0.00019314,-0.37999999999999945,0.00015502001402524553,-0.11527,0.00019268,-0.37999999999999945,0.0001554023767123289
-0.11855,0.00019465,-0.36999999999999944,0.00016741704117236576,-0.10327,0.00019336,-0.36999999999999944,0.00015718270307167248,-0.096952,0.00019344,-0.36999999999999944,0.0001567662790697676,-0.10128,0.00019347,-0.36999999999999944,0.00015798845188284532
-0.10423,0.00019903,-0.35999999999999943,0.00016917558967201684,-0.088846,0.00019482,-0.35999999999999943,0.00015964874200426448,-0.082499,0.00019479,-0.35999999999999943,0.00015949053156146195,-0.087201,0.00019416,-0.35999999999999943,0.00016008050209205034
-0.092506,0.00019906,-0.3499999999999994,0.00017050144578313262,-0.074523,0.00019601,-0.3499999999999994,0.0001615037526652453,-0.067876,0.00019628,-0.3499999999999994,0.00016191434119278793,-0.072881,0.00019514,-0.3499999999999994,0.0001621179834254145
-0.080453,0.0002002,-0.3399999999999994,0.00017302970567624408,-0.060218,0.00019732,-0.3399999999999994,0.00016369635806671217,-0.053497,0.00019772,-0.3399999999999994,0.0001640054716981133,-0.058224,0.00019711,-0.3399999999999994,0.00016419303284416506
-0.066786,0.0002024,-0.3299999999999994,0.00017604177074422576,-0.046147,0.0001981,-0.3299999999999994,0.00016587569832402245,-0.039441,0.00019791,-0.3299999999999994,0.00016543104821802943,-0.044106,0.000198,-0.3299999999999994,0.00016642224318658296
-0.055775,0.00019841,-0.3199999999999994,0.0001747415141146278,-0.03182,0.00019913,-0.3199999999999994,0.00016781703910614536,-0.024835,0.000199,-0.3199999999999994,0.0001673415044247789,-0.030169,0.00019864,-0.3199999999999994,0.0001681867575322813
-0.041353,0.00020034,-0.3099999999999994,0.0001758932574679944,-0.017845,0.00019975,-0.3099999999999994,0.00016907938659058494,-0.010791,0.00019985,-0.3099999999999994,0.00016938680276816617,-0.015836,0.00019972,-0.3099999999999994,0.00016979665720369066
-0.027126,0.00020172,-0.2999999999999994,0.00017834680613668084,-0.0034143,0.00020142,-0.2999999999999994,0.00017057271777003497,0.0035984,0.00020119,-0.2999999999999994,0.00017086085121107274,-0.0013486,0.00020111,-0.2999999999999994,0.0001713251750700281
-0.01274,0.00020287,-0.28999999999999937,0.00018151306104901123,0.010973,0.0002023,-0.28999999999999937,0.00017241296787709508,0.017959,0.00020211,-0.28999999999999937,0.00017259461538461548,0.012621,0.0002023,-0.28999999999999937,0.00017291481092436984
0.0017185,0.0002075,-0.27999999999999936,0.00018230411865864147,0.025338,0.000203,-0.27999999999999936,0.00017410989525139676,0.032692,0.00020408,-0.27999999999999936,0.0001744079079497909,0.026656,0.00020314,-0.27999999999999936,0.00017425349785407733
0.013358,0.00020794,-0.26999999999999935,0.00018317999144568011,0.040137,0.0002047,-0.26999999999999935,0.0001758534840055634,0.046815,0.00020489,-0.26999999999999935,0.00017618615062761517,0.041138,0.00020478,-0.26999999999999935,0.00017549945404284737
0.025008,0.00020851,-0.25999999999999934,0.00018374152210884356,0.054422,0.00020524,-0.25999999999999934,0.0001775085256410257,0.061068,0.00020581,-0.25999999999999934,0.00017731019108280262,0.055089,0.00020574,-0.25999999999999934,0.00017698528680027653
0.036785,0.00020932,-0.24999999999999933,0.00018343412052117258,0.069084,0.00020727,-0.24999999999999933,0.0001785982692307693,0.075416,0.00020693,-0.24999999999999933,0.00017866997256515786,0.069052,0.00020594,-0.24999999999999933,0.00017828326788218803
0.048485,0.00021004,-0.23999999999999932,0.00018327424892703868,0.083169,0.00020745,-0.23999999999999932,0.00017974680865921795,0.089515,0.00020763,-0.23999999999999932,0.00018049438957476008,0.083487,0.00020733,-0.23999999999999932,0.0001796361963190185
0.060098,0.00021074,-0.22999999999999932,0.00018426137339055802,0.097812,0.00020902,-0.22999999999999932,0.00018052,0.10379,0.00020854,-0.22999999999999932,0.0001814573200285104,0.09779,0.0002086,-0.22999999999999932,0.00018120402181322437
0.07175,0.00021146,-0.2199999999999993,0.00018757149584487559,0.11211,0.00021031,-0.2199999999999993,0.00018052,0.11815,0.0002096,-0.2199999999999993,0.00018276253287197243,0.11212,0.00020988,-0.2199999999999993,0.00018243634751773056
0.083852,0.00021289,-0.2099999999999993,0.0001861611607910572,0.12619,0.00021142,-0.2099999999999993,0.00018260543478260886,0.13254,0.00021062,-0.2099999999999993,0.00018455556804733753,0.12586,0.00021014,-0.2099999999999993,0.0001836032867132868
0.095488,0.00021114,-0.1999999999999993,0.00018399757524134044,0.14014,0.00021217,-0.1999999999999993,0.0001843929306647606,0.14684,0.0002114,-0.1999999999999993,0.00018782775739644992,0.14012,0.0002115,-0.1999999999999993,0.00018474417085427144
0.10914,0.00021201,-0.18999999999999928,0.00018802937535491228,0.15442,0.00021319,-0.18999999999999928,0.0001851434667619729,0.16147,0.00021243,-0.18999999999999928,0.00018831379310344805,0.15408,0.0002121,-0.18999999999999928,0.00018572048097631022
0.12321,0.0002129,-0.17999999999999927,0.00019051400141643072,0.16855,0.00021388,-0.17999999999999927,0.00018627781944444453,0.17624,0.00021391,-0.17999999999999927,0.00018655308729595467,0.16852,0.00021284,-0.17999999999999927,0.00018691298548721504
0.13782,0.00021803,-0.16999999999999926,0.00019206018782870038,0.18285,0.00021445,-0.16999999999999926,0.0001873120949720671,0.19049,0.00021447,-0.16999999999999926,0.00018783768630234218,0.18283,0.00021385,-0.16999999999999926,0.00018808035100286537
0.14951,0.00021868,-0.15999999999999925,0.00019394598797896332,0.1975,0.00021596,-0.15999999999999925,0.0001882323603351956,0.20484,0.00021537,-0.15999999999999925,0.0001884326361031519,0.19712,0.00021411,-0.15999999999999925,0.00018864625358166193
0.16117,0.00021939,-0.14999999999999925,0.00019309545150501662,0.21193,0.00021699,-0.14999999999999925,0.0001893287290502794,0.2192,0.0002166,-0.14999999999999925,0.00018874943475226798,0.21158,0.00021539,-0.14999999999999925,0.00018932581545064384
0.17324,0.00022077,-0.13999999999999924,0.000192949114658926,0.2262,0.00021794,-0.13999999999999924,0.00019035828828828835,0.23316,0.00021677,-0.13999999999999924,0.00018897295830575791,0.22584,0.00021586,-0.13999999999999924,0.0001901826141078839
0.18518,0.00022181,-0.12999999999999923,0.00019353780573025864,0.2402,0.0002181,-0.12999999999999923,0.00019133448396094847,0.24748,0.00021755,-0.12999999999999923,0.00019063410986101933,0.24011,0.00021706,-0.12999999999999923,0.00019126145228215777
0.19649,0.00022205,-0.11999999999999923,0.00019450915443745638,0.2546,0.00021914,-0.11999999999999923,0.00019224801255230133,0.2619,0.00021824,-0.11999999999999923,0.00019204480492813152,0.25422,0.00021778,-0.11999999999999923,0.00019222621148459393
0.20823,0.00022296,-0.10999999999999924,0.00019726515363128515,0.26858,0.00021944,-0.10999999999999924,0.0001929411398601399,0.27586,0.00021848,-0.10999999999999924,0.0001931605596801828,0.26818,0.0002176,-0.10999999999999924,0.00019297759113652614
0.2199,0.00022373,-0.09999999999999924,0.00019904082395087,0.28253,0.00021935,-0.09999999999999924,0.000193690990016639,0.29023,0.00021912,-0.09999999999999924,0.00019337472301541976,0.28247,0.00021832,-0.09999999999999924,0.00019353273172810574
0.23183,0.00022485,-0.08999999999999925,0.00019929702314776411,0.29695,0.00022009,-0.08999999999999925,0.000194703191902385,0.3046,0.00021944,-0.08999999999999925,0.0001940893599944649,0.29656,0.00021884,-0.08999999999999925,0.00019402282335393141
0.2435,0.00022205,-0.07999999999999925,0.0002002729201726788,0.31124,0.000221,-0.07999999999999925,0.00019555495357117929,0.31893,0.00021963,-0.07999999999999925,0.00019504463379607474,0.31052,0.00021884,-0.07999999999999925,0.00019465280586592184
0.25825,0.00022466,-0.06999999999999926,0.00020188263700885356,0.32559,0.00022172,-0.06999999999999926,0.00019642419993009443,0.33328,0.00022038,-0.06999999999999926,0.00019606357655747804,0.32453,0.00021936,-0.06999999999999926,0.000195527225898888
0.27219,0.00022569,-0.059999999999999255,0.00019994099173553691,0.33971,0.00022264,-0.059999999999999255,0.0001973320844289674,0.34738,0.00022094,-0.059999999999999255,0.00019706875026079707,0.33898,0.00022013,-0.059999999999999255,0.00019687129357985955
0.28622,0.00022782,-0.04999999999999925,0.00019918282970461803,0.35368,0.00022286,-0.04999999999999925,0.00019788641603297566,0.36167,0.00022154,-0.04999999999999925,0.0001977672702048947,0.35328,0.00022094,-0.04999999999999925,0.00019762844170562405
0.29964,0.00023067,-0.03999999999999925,0.00020047123919308363,0.36763,0.0002233,-0.03999999999999925,0.00019854192154673,0.37604,0.00022176,-0.03999999999999925,0.00019790244379624361,0.36728,0.00022147,-0.03999999999999925,0.00019818855133816462
0.31123,0.0002309,-0.02999999999999925,0.00020144122583819505,0.38176,0.00022403,-0.02999999999999925,0.00019921074418604654,0.39073,0.00022319,-0.02999999999999925,0.00019861455223880604,0.38138,0.00022127,-0.02999999999999925,0.00019865273424963379
0.32291,0.00023092,-0.019999999999999248,0.00020228964409842908,0.3957,0.00022455,-0.019999999999999248,0.00019965439355992847,0.40467,0.00022359,-0.019999999999999248,0.00019929263386499579,0.39599,0.00022267,-0.019999999999999248,0.0001994062401451197
0.33498,0.00023201,-0.009999999999999247,0.00020374742158591855,0.41004,0.0002255,-0.009999999999999247,0.00020065786656225972,0.41904,0.00022487,-0.009999999999999247,0.0001999236611672482,0.40998,0.00022312,-0.009999999999999247,0.00020027993760094985
0.34669,0.00023259,7.528699885739343e-16,0.00020694969014766425,0.42407,0.00022529,7.528699885739343e-16,0.00020162883584828292,0.43338,0.00022604,7.528699885739343e-16,0.00020085490221968957,0.42438,0.00022465,7.528699885739343e-16,0.0002012248804547017
0.35865,0.00023353,0.010000000000000753,0.0002078130598393402,0.43937,0.0002282,0.010000000000000753,0.00020224048640120112,0.44767,0.00022718,0.010000000000000753,0.0002016001132264669,0.43834,0.00022544,0.010000000000000753,0.00020207673018554582
0.37031,0.0002341,0.020000000000000753,0.00020826497339055796,0.45335,0.00022927,0.020000000000000753,0.00020273988165680479,0.46201,0.00022826,0.020000000000000753,0.00020238290911559094,0.45265,0.00022694,0.020000000000000753,0.0002027416359102245
0.38208,0.0002349,0.030000000000000755,0.00020885334040927236,0.46775,0.00023066,0.030000000000000755,0.00020353553618487744,0.4767,0.00023002,0.030000000000000755,0.00020372004343989695,0.46669,0.00022749,0.030000000000000755,0.00020351868802651578
0.39371,0.00023554,0.04000000000000076,0.0002095178461538462,0.482,0.0002322,0.04000000000000076,0.00020468426245016564,0.49063,0.00023083,0.04000000000000076,0.0002044991375770021,0.48129,0.00022974,0.04000000000000076,0.0002046511282971966
0.40568,0.00023683,0.05000000000000076,0.00021013132007233277,0.49596,0.00023184,0.05000000000000076,0.00020507284004200212,0.50498,0.00023192,0.05000000000000076,0.00020509558478916723,0.49527,0.00023089,0.05000000000000076,0.00020538981435022584
0.417,0.00023731,0.06000000000000076,0.00021073409282700427,0.51138,0.00023526,0.06000000000000076,0.00020601229163824864,0.51968,0.00023208,0.06000000000000076,0.0002057410629341192,0.50901,0.00023181,0.06000000000000076,0.00020581034304948794
0.4291,0.00023884,0.07000000000000076,0.00021135186405767256,0.52529,0.00023603,0.07000000000000076,0.00020728170607028757,0.5353,0.00023536,0.07000000000000076,0.00020650722888207422,0.52298,0.00023255,0.07000000000000076,0.00020603128645652933
0.44071,0.00023978,0.08000000000000075,0.0002124348388696084,0.53965,0.00023697,0.08000000000000075,0.00020740950159744411,0.54938,0.00023557,0.08000000000000075,0.0002071575906092631,0.5373,0.00023292,0.08000000000000075,0.00020699422376169041
0.45233,0.00024084,0.09000000000000075,0.0002119653695427981,0.55377,0.00023745,0.09000000000000075,0.00020818240934234795,0.56404,0.00023601,0.09000000000000075,0.00020766091768826623,0.55205,0.00023396,0.09000000000000075,0.00020790830594980082
0.46406,0.00024215,0.10000000000000074,0.000211427535892177,0.56804,0.00023783,0.10000000000000074,0.00020921740663029802,0.57837,0.00023558,0.10000000000000074,0.00020829839579684768,0.56637,0.00023478,0.10000000000000074,0.00020879740404745295
0.4757,0.00024345,0.11000000000000074,0.0002120643994314144,0.58236,0.00023857,0.11000000000000074,0.00021011963071758296,0.59341,0.00023705,0.11000000000000074,0.00020899839832869087,0.58033,0.00023496,0.11000000000000074,0.0002096906350314027
0.4873,0.00024466,0.12000000000000073,0.0002126969509594883,0.59648,0.00023859,0.12000000000000073,0.00021093200994318188,0.60775,0.00023677,0.12000000000000073,0.00020973113273106328,0.59475,0.00023506,0.12000000000000073,0.00021002911208151383
0.4993,0.00024643,0.13000000000000073,0.00021528416837782367,0.61075,0.00023869,0.13000000000000073,0.00021162483870967747,0.62206,0.00023678,0.13000000000000073,0.0002104399583043781,0.60909,0.00023511,0.13000000000000073,0.0002105348387096775
0.51103,0.00024783,0.14000000000000073,0.0002181512147134303,0.62474,0.00023873,0.14000000000000073,0.0002121624731182796,0.63648,0.00023666,0.14000000000000073,0.00021102690909090914,0.62339,0.00023508,0.14000000000000073,0.00021148855539971956
0.52266,0.00024892,0.15000000000000074,0.00021870983704974273,0.63884,0.00023855,0.15000000000000074,0.00021287428571428578,0.6508,0.0002368,0.15000000000000074,0.00021162247436773757,0.63782,0.00023516,0.15000000000000074,0.00021192464183381092
0.53433,0.00024989,0.16000000000000075,0.00021931875643224703,0.65279,0.00023831,0.16000000000000075,0.00021346248407643316,0.66509,0.00023611,0.16000000000000075,0.00021232650717703354,0.65207,0.00023509,0.16000000000000075,0.00021240337950138508
0.546,0.00025002,0.17000000000000076,0.00022039956089478052,0.66712,0.00023812,0.17000000000000076,0.00021393779720279725,0.6795,0.00023592,0.17000000000000076,0.00021328473256601225,0.66609,0.00023445,0.17000000000000076,0.0002129444584206849
0.55838,0.00025187,0.18000000000000077,0.00022135881072026808,0.68122,0.00023786,0.18000000000000077,0.00021433639860139864,0.69384,0.00023622,0.18000000000000077,0.0002140577614035088,0.68053,0.00023487,0.18000000000000077,0.0002136502585604473
0.57002,0.00025232,0.19000000000000078,0.00022191228116710877,0.69552,0.0002381,0.19000000000000078,0.00021518696245733797,0.70816,0.00023617,0.19000000000000078,0.00021445074385964915,0.69485,0.00023364,0.19000000000000078,0.00021398045486354094
0.58165,0.00025266,0.2000000000000008,0.0002223220698466781,0.70948,0.00023785,0.2000000000000008,0.00021613844767844775,0.72225,0.00023613,0.2000000000000008,0.0002150664459930314,0.71019,0.00023545,0.2000000000000008,0.00021436493775933618
0.59373,0.00025219,0.2100000000000008,0.0002230767866323908,0.72392,0.00023819,0.2100000000000008,0.00021685223839223845,0.73655,0.00023641,0.2100000000000008,0.0002158119777158775,0.72428,0.00023478,0.2100000000000008,0.00021525013831258654
0.60643,0.0002507,0.2200000000000008,0.00022373938809723394,0.73791,0.00023807,0.2200000000000008,0.00021752724597056766,0.75085,0.00023668,0.2200000000000008,0.00021660974212034387,0.73855,0.00023415,0.2200000000000008,0.00021566751753155684
0.62044,0.00025109,0.23000000000000081,0.00022467819782062036,0.7522,0.00023815,0.23000000000000081,0.00021798342857142858,0.76495,0.00023688,0.23000000000000081,0.00021673151862464186,0.75322,0.00023402,0.23000000000000081,0.0002162098248072881
0.6348,0.00025144,0.24000000000000082,0.00022288976006855165,0.76669,0.00023909,0.24000000000000082,0.00021809771428571428,0.77896,0.00023707,0.24000000000000082,0.00021714256983240227,0.76836,0.00023598,0.24000000000000082,0.00021705074982480738
0.64915,0.00025171,0.25000000000000083,0.00022320016949152558,0.781,0.00023924,0.25000000000000083,0.00021880777777777782,0.79293,0.00023722,0.25000000000000083,0.0002176705825242719,0.78234,0.00023589,0.25000000000000083,0.00021756466335931968
0.66313,0.00025132,0.26000000000000084,0.00022478930416068875,0.79566,0.00024022,0.26000000000000084,0.0002192558798283262,0.80739,0.00023789,0.26000000000000084,0.0002181490846047157,0.79699,0.00023677,0.26000000000000084,0.0002177054727793696
0.67748,0.00025145,0.27000000000000085,0.00022552818507890968,0.81011,0.00024111,0.27000000000000085,0.00021943083870967742,0.82168,0.00023843,0.27000000000000085,0.00021837925501432668,0.81114,0.00023712,0.27000000000000085,0.00021769170048985308
0.69184,0.00025035,0.28000000000000086,0.00022687569493941566,0.82406,0.0002414,0.28000000000000086,0.00021936632258064514,0.83603,0.00023898,0.28000000000000086,0.00021866438413361173,0.82543,0.00023815,0.28000000000000086,0.0002181955493351995
0.70684,0.00025221,0.29000000000000087,0.0002286227570789868,0.83841,0.0002421,0.29000000000000087,0.00021973334257975038,0.85049,0.00024008,0.29000000000000087,0.00021910975643702163,0.8391,0.00023807,0.29000000000000087,0.00021859789921930452
0.72092,0.00025217,0.3000000000000009,0.00023067714408973256,0.85289,0.0002429,0.3000000000000009,0.00022028422673198045,0.86448,0.00024075,0.3000000000000009,0.00021933756437021574,0.85325,0.00023877,0.3000000000000009,0.00021884
0.73524,0.00025264,0.3100000000000009,0.00023087559102674722,0.86684,0.00024342,0.3100000000000009,0.00022092103568929327,0.87878,0.00024134,0.3100000000000009,0.00021951159804605724,0.86754,0.00023988,0.3100000000000009,0.00021884
0.74957,0.00025281,0.3200000000000009,0.00023091501712328767,0.88082,0.00024392,0.3200000000000009,0.00022143952613240422,0.89317,0.00024205,0.3200000000000009,0.0002196859233449478,0.88116,0.00023984,0.3200000000000009,0.00021919186295503215
0.76396,0.00025668,0.3300000000000009,0.00023156027340513679,0.89526,0.00024427,0.3300000000000009,0.00022200733711048165,0.90749,0.00024289,0.3300000000000009,0.00022020857142857148,0.89522,0.00024068,0.3300000000000009,0.00021965148096885818
0.77601,0.00025712,0.3400000000000009,0.0002322586421861657,0.9098,0.00024473,0.3400000000000009,0.00022264456692913388,0.92176,0.00024332,0.3400000000000009,0.00022064689361702132,0.90917,0.00024112,0.3400000000000009,0.00022018777622377628
0.78768,0.0002573,0.3500000000000009,0.00023285015050167232,0.92481,0.00024678,0.3500000000000009,0.00022280204724409449,0.93617,0.0002445,0.3500000000000009,0.00022105000699790066,0.9235,0.00024426,0.3500000000000009,0.00022075420979020984
0.79938,0.00025761,0.36000000000000093,0.00023359599485420245,0.93926,0.00024805,0.36000000000000093,0.00022305934050179213,0.95052,0.00024563,0.36000000000000093,0.00022146988103568933,0.93591,0.00024231,0.36000000000000093,0.00022119440000000005
0.81111,0.00025716,0.37000000000000094,0.00023408484562607209,0.95354,0.00024915,0.37000000000000094,0.00022342244161358818,0.96448,0.00024627,0.37000000000000094,0.00022166752957550453,0.95022,0.00024373,0.37000000000000094,0.0002214314184397163
0.82342,0.00025531,0.38000000000000095,0.00023475862361937134,0.96753,0.00024963,0.38000000000000095,0.00022393907289455065,0.97893,0.00024789,0.38000000000000095,0.0002221454867256638,0.96415,0.0002444,0.38000000000000095,0.00022128957446808508
0.8381,0.00025709,0.39000000000000096,0.0002353358383490972,0.98233,0.00025154,0.39000000000000096,0.00022433737446197997,0.99323,0.00024943,0.39000000000000096,0.00022311893805309745,0.97859,0.00024614,0.39000000000000096,0.00022209600958247785
0.85256,0.0002581,0.40000000000000097,0.00023621786967418558,0.99626,0.0002526,0.40000000000000097,0.00022483486750348683,1.0016,0.00024351,0.40000000000000097,0.00022345599713055958,0.99258,0.00024729,0.40000000000000097,0.0002227989849892781
0.86683,0.00025835,0.410000000000001,0.00023701318021201418,0.99826,0.00023833,0.410000000000001,0.00022549735006973507,0.9876,0.00020957,0.410000000000001,0.000224064766875435,1.0023,0.00024283,0.410000000000001,0.0002231221250000001
0.88148,0.00026309,0.420000000000001,0.00023768933884297532,0.98397,0.00020521,0.420000000000001,0.00022535091945830363,0.97321,0.00018009,0.420000000000001,0.00022494832635983273,0.98794,0.00020834,0.420000000000001,0.0002241846250000001
0.89322,0.00026352,0.430000000000001,0.00023891286821705435,0.96952,0.00017655,0.430000000000001,0.00022641786274509823,0.95916,0.00015404,0.430000000000001,0.00022576422594142268,0.97356,0.00017846,0.430000000000001,0.00022496803724928374
0.90486,0.00026362,0.440000000000001,0.00023972251507321283,0.95553,0.00015136,0.440000000000001,0.00022824821888412023,0.94481,0.00013028,0.440000000000001,0.00022656811756473067,0.95918,0.00015175,0.440000000000001,0.00022561400419287222
0.91684,0.00026464,0.450000000000001,0.00024062745266781421,0.94123,0.00012816,0.450000000000001,0.00022901359799713884,0.93043,0.00010891,0.450000000000001,0.0002273554811715482,0.94388,0.00012693,0.450000000000001,0.00022666222222222232
0.92847,0.00026518,0.460000000000001,0.0002416965814151749,0.92679,0.00010719,0.460000000000001,0.00022991190972222232,0.91644,8.9802e-05,0.460000000000001,0.00022810861924686202,0.92975,0.00010589,0.460000000000001,0.0002272279273504274
0.94026,0.00026595,0.47000000000000103,0.0002428134020618558,0.91277,8.8377e-05,0.47000000000000103,0.00023090315789473694,0.90181,7.1057e-05,0.47000000000000103,0.0002292172770592241,0.91547,8.6412e-05,0.47000000000000103,0.0002280001027397262
0.95218,0.00026588,0.48000000000000104,0.00024389853448275874,0.89889,7.1066e-05,0.48000000000000104,0.00023198385964912291,0.88743,5.4467e-05,0.48000000000000104,0.00023021188801148606,0.90118,6.8652e-05,0.48000000000000104,0.00022954119863013715
0.96451,0.00026487,0.49000000000000105,0.0002450582500000002,0.8848,5.5043e-05,0.49000000000000105,0.00023199369627507162,0.87341,3.9684e-05,0.49000000000000105,0.00023079336683417092,0.88611,5.1171e-05,0.49000000000000105,0.0002304564878397712
0.97895,0.00026684,0.500000000000001,0.0002465135464620632,0.87078,3.9902e-05,0.500000000000001,0.00023273603112840488,0.85881,2.4971e-05,0.500000000000001,0.0002315417282229966,0.87177,3.5883e-05,0.500000000000001,0.000231206710334789
0.99325,0.00027125,0.510000000000001,0.0002477070673486787,0.85652,2.572e-05,0.510000000000001,0.00023495392996108973,0.84436,1.1617e-05,0.510000000000001,0.00023197463945578232,0.85782,2.2025e-05,0.510000000000001,0.00023186244094488192
1.0039,0.00027068,0.520000000000001,0.0002486706964746347,0.84173,1.1711e-05,0.520000000000001,0.00023573716750539185,0.8296,-1.15e-06,0.520000000000001,0.00023214719590268905,0.84371,9.3475e-06,0.520000000000001,0.0002323921474588404
0.99222,0.00023918,0.530000000000001,0.0002495300942587833,0.82735,-4.4046e-07,0.530000000000001,0.00023633831476323127,0.81537,-1.246e-05,0.530000000000001,0.00023424706786171596,0.82933,-3.0633e-06,0.530000000000001,0.00023273138268156427
0.97823,0.00020913,0.540000000000001,0.0002499531619537275,0.81339,-1.1438e-05,0.540000000000001,0.0002369818980169972,0.80097,-2.327e-05,0.540000000000001,0.00023543009943181818,0.81538,-1.4111e-05,0.540000000000001,0.00023311037288135602
0.96379,0.00018166,0.550000000000001,0.0002506177382875607,0.79895,-2.2347e-05,0.550000000000001,0.0002373218413597734,0.78656,-3.3524e-05,0.550000000000001,0.0002355886084583902,0.80131,-2.4455e-05,0.550000000000001,0.00023381545762711872
0.94947,0.0001567,0.560000000000001,0.00025193262886597943,0.7849,-3.1653e-05,0.560000000000001,0.0002376159004905396,0.7726,-4.2293e-05,0.560000000000001,0.00023588874488403823,0.78728,-3.3717e-05,0.560000000000001,0.00023441523743016765
0.9351,0.00013432,0.5700000000000011,0.00025231922680412375,0.77062,-4.1015e-05,0.5700000000000011,0.00023793128491620116,0.75815,-5.118e-05,0.5700000000000011,0.00023583115840893228,0.77263,-4.3608e-05,0.5700000000000011,0.00023482680515759312
0.92105,0.00011402,0.5800000000000011,0.00025261176268271714,0.75615,-4.9654e-05,0.5800000000000011,0.00023844804469273748,0.74378,-5.9349e-05,0.5800000000000011,0.00023573931515957457,0.75852,-5.1858e-05,0.5800000000000011,0.00023495574498567335
0.90712,9.5669e-05,0.5900000000000011,0.0002523351241721854,0.74145,-5.854e-05,0.5900000000000011,0.00023858082152974504,0.7295,-6.6617e-05,0.5900000000000011,0.00023671670877659583,0.74412,-6.0087e-05,0.5900000000000011,0.00023502705963938974
0.89282,7.8211e-05,0.6000000000000011,0.00025145438582677154,0.72753,-6.5547e-05,0.6000000000000011,0.00023861466713384725,0.71511,-7.372e-05,0.6000000000000011,0.00023692132496513246,0.72987,-6.7417e-05,0.6000000000000011,0.00023507830543933054
0.8784,6.1578e-05,0.6100000000000011,0.0002507993790149893,0.71279,-7.3109e-05,0.6100000000000011,0.0002386847442186405,0.70107,-7.9786e-05,0.6100000000000011,0.00023677157232704403,0.71546,-7.4305e-05,0.6100000000000011,0.0002351080909090909
0.86443,4.722e-05,0.6200000000000011,0.00025107775160599575,0.69875,-7.9267e-05,0.6200000000000011,0.0002387164474624732,0.68677,-8.5815e-05,0.6200000000000011,0.00023677856044723969,0.7011,-8.092e-05,0.6200000000000011,0.00023508711188811187
0.84975,3.2772e-05,0.6300000000000011,0.000251323008356546,0.68449,-8.5599e-05,0.6300000000000011,0.0002386628510638298,0.67202,-9.2087e-05,0.6300000000000011,0.0002367139251040222,0.68679,-8.6992e-05,0.6300000000000011,0.00023511664587664587
0.83534,1.9666e-05,0.6400000000000011,0.00025153783972125436,0.67037,-9.0717e-05,0.6400000000000011,0.00023853004301075266,0.65765,-9.7329e-05,0.6400000000000011,0.00023669441340782123,0.67237,-9.2843e-05,0.6400000000000011,0.00023514929122807015
0.82101,7.1574e-06,0.6500000000000011,0.00025168628755364804,0.65635,-9.5689e-05,0.6500000000000011,0.00023835799999999996,0.64341,-0.00010206,0.6500000000000011,0.00023679217877094975,0.658,-9.7607e-05,0.6500000000000011,0.00023510016842105263
0.80666,-4.1606e-06,0.6600000000000011,0.0002514073175965665,0.64213,-0.00010049,0.6600000000000011,0.00023821440334961618,0.62898,-0.00010674,0.6600000000000011,0.00023635577326801954,0.64342,-0.00010309,0.6600000000000011,0.000234728002853067
0.79226,-1.4931e-05,0.6700000000000012,0.00025138223693379797,0.62771,-0.00010556,0.6700000000000012,0.00023806689361702125,0.61498,-0.00011038,0.6700000000000012,0.00023604526023594723,0.62902,-0.00010725,0.6700000000000012,0.0002345637257617729
0.77793,-2.4917e-05,0.6800000000000012,0.00025125696378830074,0.6133,-0.0001097,0.6800000000000012,0.0002378824964539007,0.60069,-0.00011438,0.6800000000000012,0.00023593046025104604,0.6143,-0.00011177,0.6800000000000012,0.00023485458448753468
0.76356,-3.4328e-05,0.6900000000000012,0.0002504909470752088,0.59906,-0.00011378,0.6900000000000012,0.00023800735664335665,0.58628,-0.00011858,0.6900000000000012,0.00023613966527196657,0.60005,-0.00011519,0.6900000000000012,0.0002340565851955306
0.74914,-4.3116e-05,0.7000000000000012,0.00025136184000000013,0.58495,-0.00011721,0.7000000000000012,0.00023801977077363894,0.57192,-0.00012246,0.7000000000000012,0.00023619849162011174,0.58523,-0.00011935,0.7000000000000012,0.00023424765971316833
0.73482,-5.1106e-05,0.7100000000000012,0.0002522010227272727,0.57061,-0.00012081,0.7100000000000012,0.00023786224376731306,0.55802,-0.00012511,0.7100000000000012,0.0002361647764371895,0.57095,-0.00012236,0.7100000000000012,0.00023542758148631046
0.72083,-5.7841e-05,0.7200000000000012,0.00025217261363636367,0.55638,-0.00012414,0.7200000000000012,0.00023809770083102496,0.54357,-0.00012835,0.7200000000000012,0.00023613638750887155,0.55635,-0.00012543,0.7200000000000012,0.00023498352022711136
0.70578,-6.5925e-05,0.7300000000000012,0.00025246801675977656,0.54192,-0.0001273,0.7300000000000012,0.00023813784846318797,0.52956,-0.00013051,0.7300000000000012,0.00023628174825174826,0.54156,-0.00012914,0.7300000000000012,0.0002345274702172389
0.69144,-7.2348e-05,0.7400000000000012,0.0002526964689462666,0.52789,-0.00012988,0.7400000000000012,0.00023808170048985304,0.51493,-0.00013352,0.7400000000000012,0.00023647513986013987,0.52754,-0.00013168,0.7400000000000012,0.0002341371506475801
0.67738,-7.7732e-05,0.7500000000000012,0.00025292564280750556,0.5136,-0.00013288,0.7500000000000012,0.00023813768369489153,0.50049,-0.00013602,0.7500000000000012,0.00023666395104895107,0.51323,-0.00013464,0.7500000000000012,0.00023404853442399455
0.66268,-8.4315e-05,0.7600000000000012,0.0002556150104239058,0.49917,-0.00013551,0.7600000000000012,0.00023865600414078682,0.48613,-0.00013848,0.7600000000000012,0.00023680978723404256,0.49882,-0.00013723,0.7600000000000012,0.0002348977278731838
0.64836,-8.9315e-05,0.7700000000000012,0.0002569005477178424,0.48516,-0.00013714,0.7700000000000012,0.0002391246960167715,0.47156,-0.00014121,0.7700000000000012,0.00023694848679514633,0.48451,-0.00013939,0.7700000000000012,0.00023596944206008582
0.6337,-9.4373e-05,0.7800000000000012,0.00025718154241645245,0.47057,-0.00013978,0.7800000000000012,0.0002392295178197065,0.4575,-0.00014292,0.7800000000000012,0.00023708116678596995,0.47026,-0.00014161,0.7800000000000012,0.0002359050643776824
0.61898,-0.00010008,0.7900000000000013,0.0002573614700854701,0.45617,-0.00014223,0.7900000000000013,0.00023984163710777634,0.44315,-0.0001449,0.7900000000000013,0.00023718853972798856,0.4562,-0.00014334,0.7900000000000013,0.00023635012286689426
0.60497,-0.00010345,0.8000000000000013,0.0002575862148337596,0.44182,-0.00014468,0.8000000000000013,0.0002404873079584776,0.42893,-0.00014679,0.8000000000000013,0.0002375475864453666,0.44185,-0.00014567,0.8000000000000013,0.00023684445229681981
0.58994,-0.00010853,0.8100000000000013,0.0002572025831202045,0.42789,-0.00014608,0.8100000000000013,0.0002411032249134949,0.41445,-0.00014874,0.8100000000000013,0.0002379886284114766,0.4279,-0.00014714,0.8100000000000013,0.00023709180212014137
0.57591,-0.00011226,0.8200000000000013,0.0002558239723801785,0.41383,-0.00014771,0.8200000000000013,0.00024131559856630828,0.40012,-0.00015108,0.8200000000000013,0.0002383665150454864,0.41349,-0.00014924,0.8200000000000013,0.0002377586144156754
0.56194,-0.00011547,0.8300000000000013,0.00025610784741144434,0.39947,-0.00014918,0.8300000000000013,0.00024168975609756104,0.38658,-0.00015187,0.8300000000000013,0.00023874888501742165,0.39947,-0.00015059,0.8300000000000013,0.00023812325530358448
0.54759,-0.00011931,0.8400000000000013,0.00025722271092669445,0.38558,-0.00015044,0.8400000000000013,0.00024218784530386747,0.37216,-0.00015373,0.8400000000000013,0.00023928200553250355,0.3852,-0.00015251,0.8400000000000013,0.00023811452296819795
0.53351,-0.00012212,0.8500000000000013,0.0002579211894882435,0.37081,-0.00015305,0.8500000000000013,0.00024274033149171277,0.35779,-0.00015553,0.8500000000000013,0.00024004272475795308,0.37081,-0.00015432,0.8500000000000013,0.00023860922261484106
0.51918,-0.000125,0.8600000000000013,0.0002582303433777155,0.35677,-0.00015348,0.8600000000000013,0.00024316503225806457,0.3435,-0.00015749,0.8600000000000013,0.00024053544674767697,0.35645,-0.00015568,0.8600000000000013,0.00023929431770468868
0.50483,-0.00012793,0.8700000000000013,0.00025937565187713355,0.34181,-0.00015661,0.8700000000000013,0.00024353301859799718,0.32938,-0.00015911,0.8700000000000013,0.0002409777482517483,0.34217,-0.00015708,0.8700000000000013,0.00023987277533039645
0.49049,-0.0001307,0.8800000000000013,0.00026261114675767963,0.32767,-0.00015812,0.8800000000000013,0.0002438906723891274,0.31531,-0.00016021,0.8800000000000013,0.0002414001945795692,0.32767,-0.00015901,0.8800000000000013,0.0002398434067547724
0.47619,-0.00013284,0.8900000000000013,0.0002634020613287905,0.31365,-0.00015968,0.8900000000000013,0.0002441425069252078,0.30105,-0.00016221,0.8900000000000013,0.00024189359277275893,0.31334,-0.0001612,0.8900000000000013,0.00024036813655761033
0.46153,-0.00013594,0.9000000000000014,0.0002635782474226804,0.2994,-0.00016138,0.9000000000000014,0.0002444199587345255,0.28695,-0.00016371,0.9000000000000014,0.00024245064245810065,0.29971,-0.00016171,0.9000000000000014,0.00024083076702508964
0.44747,-0.00013769,0.9100000000000014,0.000264057629382304,0.28492,-0.00016339,0.9100000000000014,0.00024475731512325135,0.27293,-0.00016488,0.9100000000000014,0.00024296563419761742,0.2853,-0.0001641,0.9100000000000014,0.00024130187020237294
0.43319,-0.00014034,0.9200000000000014,0.00026478672398968194,0.27095,-0.00016492,0.9200000000000014,0.00024612307128580967,0.25866,-0.00016692,0.9200000000000014,0.0002432669656622285,0.2713,-0.00016523,0.9200000000000014,0.00024349307745987468
0.41917,-0.00014232,0.9300000000000014,0.00026527992366412223,0.25668,-0.00016657,0.9300000000000014,0.00024723614532871983,0.24424,-0.00016846,0.9300000000000014,0.00024399475364330337,0.25702,-0.00016681,0.9300000000000014,0.00024323864625302153
0.40483,-0.00014435,0.9400000000000014,0.00026593301950805776,0.24259,-0.00016849,0.9400000000000014,0.0002481070028011205,0.22989,-0.00017085,0.9400000000000014,0.0002448015958188154,0.24261,-0.00016825,0.9400000000000014,0.0002427158560447241
0.39051,-0.00014629,0.9500000000000014,0.00026589280201342285,0.2286,-0.00016991,0.9500000000000014,0.00024887731092436985,0.21598,-0.0001724,0.9500000000000014,0.00024558905226480847,0.22758,-0.00017114,0.9500000000000014,0.0002437081691125089
0.37655,-0.00014727,0.9600000000000014,0.00026523943227899424,0.21432,-0.00017223,0.9600000000000014,0.0002493716440314511,0.2019,-0.00017385,0.9600000000000014,0.0002460646131805158,0.21368,-0.00017149,0.9600000000000014,0.0002442003948312994
0.36181,-0.00014993,0.9700000000000014,0.00026561898199446005,0.20028,-0.00017379,0.9700000000000014,0.0002499487635135137,0.18753,-0.0001752,0.9700000000000014,0.00024688885121107283,0.19893,-0.00017397,0.9700000000000014,0.0002451049168975071
0.34813,-0.00015078,0.9800000000000014,0.00026716381118881166,0.18625,-0.00017668,0.9800000000000014,0.00025123930405405423,0.17296,-0.00017732,0.9800000000000014,0.00024800523076923096,0.18458,-0.00017581,0.9800000000000014,0.00024625590421729817
0.33378,-0.00015302,0.9900000000000014,0.0002702477272727277,0.17363,-0.00017573,0.9900000000000014,0.00025212364680545597,0.15885,-0.00017809,0.9900000000000014,0.000249082153846154,0.1703,-0.00017791,0.9900000000000014,0.00024707791994281643
0.31937,-0.00015493,1.0000000000000013,0.00027088873239436613,0.1592,-0.00017784,1.0000000000000013,0.00022591509999999075,0.14418,-0.00018005,1.0000000000000013,0.0002446416606929501,0.15619,-0.00017924,1.0000000000000013,0.00024388534979423806
0.30504,-0.00015682,0.99,0.00023441152251608288,0.14484,-0.00017914,0.98,0.0001973359377162629,0.12993,-0.00018138,0.99,0.00021448674774148703,0.14256,-0.00018009,0.99,0.0002126204450625868
0.29069,-0.00016173,0.98,0.00021293189421015,0.13061,-0.00018078,0.97,0.00017750202768166077,0.1155,-0.00018306,0.98,0.00019400029881862395,0.12828,-0.00018133,0.98,0.00019184158553546587
0.27897,-0.00016054,0.97,0.00019347362188365638,0.11652,-0.00018205,0.96,0.00015940855611150812,0.10116,-0.00018434,0.97,0.00017413836298932377,0.11383,-0.00018262,0.97,0.00017184751043115433
0.26564,-0.00016092,0.96,0.0001750539664804468,0.10217,-0.0001839,0.95,0.00014238825174825166,0.086918,-0.00018561,0.96,0.00015559743772241986,0.099211,-0.00018477,0.96,0.00015327310152990254
0.25097,-0.00016399,0.95,0.0001576237988826814,0.088234,-0.00018474,0.94,0.00012637377423822704,0.072442,-0.00018721,0.95,0.00013887333797909395,0.085276,-0.00018539,0.95,0.00013685799999999985
0.23693,-0.00016847,0.94,0.00014195131524008336,0.073777,-0.00018675,0.9299999999999999,0.0001118516135734071,0.058106,-0.00018881,0.94,0.00012313189847009724,0.070462,-0.00018818,0.94,0.0001211525619249822
0.22497,-0.0001699,0.9299999999999999,0.0001269513167259785,0.059762,-0.00018867,0.9199999999999999,9.80787111269614e-05,0.043872,-0.00019081,0.9299999999999999,0.00010832269192280194,0.05645,-0.00018904,0.9299999999999999,0.00010626225760792636
0.21337,-0.00017082,0.9199999999999999,0.00011263675879396971,0.045849,-0.00018978,0.9099999999999999,8.492228314121032e-05,0.029723,-0.0001923,0.9199999999999999,9.466436454610424e-05,0.042155,-0.00019081,0.9199999999999999,9.259094537815118e-05
0.20162,-0.00017202,0.9099999999999999,9.946303302225396e-05,0.031394,-0.00019213,0.8999999999999999,7.245038112391923e-05,0.015323,-0.00019466,0.9099999999999999,8.155061244019126e-05,0.028051,-0.00019248,0.9099999999999999,7.96137354793561e-05
0.18995,-0.00017314,0.8999999999999999,8.697662517482508e-05,0.017351,-0.00019373,0.8899999999999999,6.09563853797018e-05,0.0013389,-0.00019582,0.8999999999999999,6.896882892906804e-05,0.013656,-0.0001944,0.8999999999999999,6.728321566025208e-05
0.17827,-0.00017421,0.8899999999999999,7.495822191400827e-05,0.0029842,-0.00019547,0.8799999999999999,4.985920542082725e-05,-0.013434,-0.00019785,0.8899999999999999,5.7431972183588156e-05,-0.00031092,-0.00019598,0.8899999999999999,5.568334837425342e-05
0.1666,-0.0001753,0.8799999999999999,6.342354785020797e-05,-0.011066,-0.00019709,0.8699999999999999,3.912626647966328e-05,-0.028143,-0.00019965,0.8799999999999999,4.66326426533522e-05,-0.014468,-0.00019676,0.8799999999999999,4.4657075313807426e-05
0.15456,-0.00017664,0.8699999999999999,5.294470007158184e-05,-0.025447,-0.00019855,0.8599999999999999,2.918096493688631e-05,-0.042412,-0.00020043,0.8699999999999999,3.6247607534246456e-05,-0.029498,-0.00019959,0.8699999999999999,3.412467311827942e-05
0.14287,-0.0001765,0.8599999999999999,4.2860010899182415e-05,-0.039688,-0.00020026,0.8499999999999999,1.954429479377949e-05,-0.057202,-0.00020229,0.8599999999999999,2.6170210273972508e-05,-0.043756,-0.00020113,0.8599999999999999,2.4190622939067948e-05
0.13031,-0.00017575,0.8499999999999999,3.301804904632139e-05,-0.054153,-0.00020111,0.8399999999999999,1.0249106689846905e-05,-0.071855,-0.00020409,0.8499999999999999,1.6829218685120997e-05,-0.057886,-0.00020245,0.8499999999999999,1.499891566265049e-05
0.11621,-0.00017743,0.8399999999999999,2.3904303955586287e-05,-0.068842,-0.00020286,0.8299999999999998,1.7988563421417193e-06,-0.086166,-0.00020487,0.8399999999999999,7.845718157181449e-06,-0.071841,-0.00020323,0.8399999999999999,6.1455481223921124e-06
0.10187,-0.00018237,0.8299999999999998,1.5004735240753543e-05,-0.083129,-0.00020427,0.8199999999999998,-6.2307120773640116e-06,-0.10097,-0.00020677,0.8299999999999998,-8.040108401085351e-07,-0.086156,-0.00020478,0.8299999999999998,-2.4850499304591092e-06
0.090244,-0.00018315,0.8199999999999998,6.360802090592193e-06,-0.097245,-0.00020541,0.8099999999999998,-1.3999046398892072e-05,-0.11495,-0.00020676,0.8199999999999998,-8.780077301475903e-06,-0.10026,-0.00020572,0.8199999999999998,-1.0452191827957115e-05
0.0782,-0.00018471,0.8099999999999998,-1.5263059233451105e-06,-0.1116,-0.00020671,0.7999999999999998,-2.1553755540166372e-05,-0.12955,-0.00020861,0.8099999999999998,-1.64912291666668e-05,-0.11494,-0.00020775,0.8099999999999998,-1.8066275053305015e-05
0.066783,-0.00018541,0.7999999999999998,-9.141910000000138e-06,-0.12552,-0.00020764,0.7899999999999998,-2.827502135231332e-05,-0.14402,-0.00021003,0.7999999999999998,-2.3960241498959157e-05,-0.12854,-0.00020815,0.7999999999999998,-2.5319805416963747e-05
0.054799,-0.0001871,0.7899999999999998,-1.6505903000697947e-05,-0.13963,-0.00020902,0.7799999999999998,-3.48654509803923e-05,-0.15867,-0.00021125,0.7899999999999998,-3.107613324080514e-05,-0.14301,-0.00020992,0.7899999999999998,-3.1921373485388566e-05
0.043196,-0.00018831,0.7799999999999998,-2.3474500348918492e-05,-0.15397,-0.00021024,0.7699999999999998,-4.1385157567380893e-05,-0.17298,-0.00021223,0.7799999999999998,-3.764467621776517e-05,-0.15697,-0.00021099,0.7799999999999998,-3.863211808873734e-05
0.031442,-0.00018979,0.7699999999999998,-3.0110405010438555e-05,-0.16827,-0.00021078,0.7599999999999998,-4.7355440912232326e-05,-0.18743,-0.00021376,0.7699999999999998,-4.389204498269906e-05,-0.17095,-0.00021223,0.7699999999999998,-4.51457391920625e-05
0.019728,-0.0001912,0.7599999999999998,-3.6497575589459226e-05,-0.18272,-0.00021268,0.7499999999999998,-5.3371612244898105e-05,-0.20172,-0.000215,0.7599999999999998,-5.004221799307971e-05,-0.18509,-0.0002132,0.7599999999999998,-5.099265627214752e-05
0.0080389,-0.00019253,0.7499999999999998,-4.2591889042995987e-05,-0.19675,-0.00021348,0.7399999999999998,-5.9269895833333476e-05,-0.2157,-0.00021568,0.7499999999999998,-5.581307933194167e-05,-0.19938,-0.00021435,0.7499999999999998,-5.6726825000000124e-05
-0.0036928,-0.00019387,0.7399999999999998,-4.821576256983255e-05,-0.211,-0.00021476,0.7299999999999998,-6.430366020114955e-05,-0.23011,-0.00021678,0.7399999999999998,-6.12728823529413e-05,-0.21367,-0.00021548,0.7399999999999998,-6.220627017543872e-05
-0.015759,-0.00019565,0.7299999999999998,-5.342642172980712e-05,-0.22539,-0.00021561,0.7199999999999998,-6.941008412483053e-05,-0.24407,-0.00021739,0.7299999999999998,-6.636251820728306e-05,-0.2281,-0.0002169,0.7299999999999998,-6.735012982456153e-05
-0.027453,-0.00019675,0.7199999999999998,-5.828682857142869e-05,-0.23939,-0.00021612,0.7099999999999997,-7.433270512820525e-05,-0.25836,-0.00021841,0.7199999999999998,-7.130626337734552e-05,-0.24208,-0.0002169,0.7199999999999998,-7.213487369882037e-05
-0.039051,-0.00019771,0.7099999999999997,-6.365825714285727e-05,-0.25367,-0.00021696,0.6999999999999997,-7.871874501424512e-05,-0.27281,-0.00021909,0.7099999999999997,-7.592778205128217e-05,-0.25636,-0.00021794,0.7099999999999997,-7.682017409470763e-05
-0.050766,-0.00019877,0.6999999999999997,-6.851390794979091e-05,-0.26811,-0.00021805,0.6899999999999997,-8.315234361851346e-05,-0.28679,-0.00021893,0.6999999999999997,-8.023712097902108e-05,-0.2705,-0.00021796,0.6999999999999997,-8.138675052410911e-05
-0.062485,-0.00019983,0.6899999999999997,-7.28994196301566e-05,-0.28213,-0.00021757,0.6799999999999997,-8.722646600566584e-05,-0.30111,-0.00021943,0.6899999999999997,-8.4453204895105e-05,-0.2848,-0.00021849,0.6899999999999997,-8.562993710691835e-05
-0.07419,-0.00020066,0.6799999999999997,-7.67287226173543e-05,-0.29672,-0.00021835,0.6699999999999997,-9.084821540656217e-05,-0.31552,-0.00021968,0.6799999999999997,-8.869374169491536e-05,-0.29905,-0.00021842,0.6799999999999997,-8.974708252427197e-05
-0.086467,-0.00020189,0.6699999999999997,-8.103693469387768e-05,-0.31114,-0.00021916,0.6599999999999997,-9.439457774607714e-05,-0.32947,-0.0002196,0.6699999999999997,-9.282387125956863e-05,-0.31352,-0.00021888,0.6699999999999997,-9.362871189979135e-05
-0.098552,-0.00020062,0.6599999999999997,-8.525075418994425e-05,-0.32547,-0.00021984,0.6499999999999997,-9.7832906469761e-05,-0.34377,-0.00021978,0.6599999999999997,-9.64717487821852e-05,-0.32782,-0.00021898,0.6599999999999997,-9.694395198329865e-05
-0.11225,-0.00020118,0.6499999999999997,-8.874237430167609e-05,-0.33908,-0.00021834,0.6399999999999997,-0.00010123889736477126,-0.35822,-0.00021985,0.6499999999999997,-9.987058356741583e-05,-0.34214,-0.00021931,0.6499999999999997,-0.00010061550480109751
-0.12681,-0.00020355,0.6399999999999997,-9.219937107776274e-05,-0.35421,-0.00022042,0.6299999999999997,-0.00010475484743411939,-0.3729,-0.00022046,0.6399999999999997,-0.00010316594594594605,-0.35659,-0.00022002,0.6399999999999997,-0.0001040780000000001
-0.14094,-0.00020705,0.6299999999999997,-9.580750407608709e-05,-0.36825,-0.00022047,0.6199999999999997,-0.00010777508674531584,-0.3875,-0.00022133,0.6299999999999997,-0.00010640918918918929,-0.37058,-0.00022026,0.6299999999999997,-0.000106966888888889
-0.15327,-0.00020887,0.6199999999999997,-9.968454211956535e-05,-0.38214,-0.00022054,0.6099999999999997,-0.00011064550561797762,-0.40162,-0.00022106,0.6199999999999997,-0.00010907480000000008,-0.38484,-0.00022063,0.6199999999999997,-0.00011001972826086966
-0.16525,-0.00021013,0.6099999999999997,-0.00010224007137758751,-0.39658,-0.00022106,0.5999999999999996,-0.00011351067415730348,-0.41659,-0.0002231,0.6099999999999997,-0.00011177398180545844,-0.3993,-0.00022137,0.6099999999999997,-0.00011280200000000008
-0.17695,-0.00021096,0.5999999999999996,-0.00010512981370592162,-0.4109,-0.0002218,0.5899999999999996,-0.00011598239546420987,-0.43057,-0.0002238,0.5999999999999996,-0.00011458111034004173,-0.41359,-0.00022196,0.5999999999999996,-0.0001152040350877194
-0.18869,-0.00020808,0.5899999999999996,-0.00010850972055888238,-0.42514,-0.00022265,0.5799999999999996,-0.00011845267782426786,-0.44464,-0.00022416,0.5899999999999996,-0.00011749575294934084,-0.4282,-0.00022302,0.5899999999999996,-0.00011801105263157906
-0.20334,-0.00021046,0.5799999999999996,-0.00011117263720598727,-0.43922,-0.00022339,0.5699999999999996,-0.00012095274771609285,-0.45894,-0.00022484,0.5799999999999996,-0.00012027682451253492,-0.44265,-0.00022405,0.5799999999999996,-0.00012045240196078439
-0.2173,-0.00021134,0.5699999999999996,-0.00011361798854688628,-0.45362,-0.00022439,0.5599999999999996,-0.0001232928742094168,-0.4732,-0.00022575,0.5699999999999996,-0.00012282604316546768,-0.45658,-0.00022458,0.5699999999999996,-0.00012255976027397266
-0.23174,-0.00021596,0.5599999999999996,-0.00011598913588850184,-0.46784,-0.00022522,0.5499999999999996,-0.00012553424619640396,-0.4876,-0.00022713,0.5599999999999996,-0.00012473251798561158,-0.47055,-0.00022448,0.5599999999999996,-0.00012466250000000008
-0.24335,-0.00021617,0.5499999999999996,-0.00011866509407665516,-0.48225,-0.00022665,0.5399999999999996,-0.00012765307198859594,-0.50158,-0.00022774,0.5499999999999996,-0.00012690825605536342,-0.48495,-0.00022559,0.5499999999999996,-0.00012702286680189327
-0.25495,-0.00021639,0.5399999999999996,-0.00012082476562500009,-0.49594,-0.00022639,0.5299999999999996,-0.00012949198859586608,-0.51593,-0.0002287,0.5399999999999996,-0.00012890040685224847,-0.49924,-0.00022609,0.5399999999999996,-0.0001294226248216834
-0.26674,-0.00021673,0.5299999999999996,-0.0001228254291695744,-0.51049,-0.00022755,0.5199999999999996,-0.00013153640307907635,-0.53033,-0.00022925,0.5299999999999996,-0.00013044216274089943,-0.51389,-0.00022776,0.5299999999999996,-0.0001312343223965764
-0.2784,-0.00021614,0.5199999999999996,-0.00012483519888346136,-0.52494,-0.00022894,0.5099999999999996,-0.00013353613305613313,-0.54463,-0.00023002,0.5199999999999996,-0.0001324768899521532,-0.52837,-0.00022914,0.5199999999999996,-0.00013323963661774992
-0.29073,-0.00021418,0.5099999999999996,-0.0001268743832752614,-0.53928,-0.00022988,0.49999999999999956,-0.00013535872487872497,-0.55927,-0.00023103,0.5099999999999996,-0.00013437353185595576,-0.54229,-0.00022963,0.5099999999999996,-0.00013522054823039562
-0.30507,-0.00021517,0.49999999999999956,-0.00012886299163179926,-0.55355,-0.00023132,0.48999999999999955,-0.00013657688793718777,-0.5737,-0.00023187,0.49999999999999956,-0.00013610394150417833,-0.55657,-0.00022982,0.49999999999999956,-0.00013701791117279677
-0.31909,-0.00021521,0.48999999999999955,-0.00013077332867132875,-0.56728,-0.00023145,0.47999999999999954,-0.00013807368060315291,-0.58802,-0.00023267,0.48999999999999955,-0.0001378170334261839,-0.57136,-0.00023128,0.48999999999999955,-0.00013856132075471705
-0.33342,-0.00021614,0.47999999999999954,-0.00013226983216783225,-0.58166,-0.00023249,0.46999999999999953,-0.00013987697916666673,-0.60234,-0.00023377,0.47999999999999954,-0.00013962858613589577,-0.58567,-0.00023185,0.47999999999999954,-0.00014009261052631586
-0.34745,-0.00021609,0.46999999999999953,-0.00013414893587994554,-0.59558,-0.00023262,0.4599999999999995,-0.00014157836805555563,-0.61676,-0.00023481,0.46999999999999953,-0.0001413997297297298,-0.60031,-0.00023325,0.46999999999999953,-0.00014164199146514942
-0.36217,-0.00021726,0.4599999999999995,-0.0001361304338549076,-0.61036,-0.00023422,0.4499999999999995,-0.00014328341463414642,-0.63105,-0.00023559,0.4599999999999995,-0.000142615945945946,-0.61442,-0.00023376,0.4599999999999995,-0.0001428724324324325
-0.37617,-0.00022027,0.4499999999999995,-0.0001373750995732575,-0.62471,-0.00023528,0.4399999999999995,-0.00014486291457286438,-0.64569,-0.00023671,0.4499999999999995,-0.00014395484320557498,-0.62871,-0.00023455,0.4499999999999995,-0.00014434668989547045
-0.38847,-0.00022128,0.4399999999999995,-0.0001390762394957984,-0.63898,-0.00023603,0.4299999999999995,-0.0001458679396984925,-0.66012,-0.00023706,0.4399999999999995,-0.00014531867088607602,-0.643,-0.00023472,0.4399999999999995,-0.0001458649462365592
-0.40024,-0.00022109,0.4299999999999995,-0.00014079051355206856,-0.65308,-0.00023651,0.4199999999999995,-0.00014699470128022766,-0.67442,-0.00023712,0.4299999999999995,-0.00014664778481012663,-0.65748,-0.00023567,0.4299999999999995,-0.0001469187096774194
-0.41219,-0.00021876,0.4199999999999995,-0.00014220278174037097,-0.66712,-0.00023642,0.4099999999999995,-0.0001481020682451254,-0.68878,-0.00023735,0.4199999999999995,-0.00014799258977900558,-0.67178,-0.00023577,0.4199999999999995,-0.00014829128383067323
-0.42651,-0.00021988,0.4099999999999995,-0.0001436181241283125,-0.68172,-0.0002373,0.39999999999999947,-0.00014912574512534826,-0.70318,-0.00023695,0.4099999999999995,-0.00014946665736217731,-0.68609,-0.00023613,0.4099999999999995,-0.00014957605563480748
-0.44056,-0.00022047,0.39999999999999947,-0.00014500434357541907,-0.69583,-0.00024032,0.38999999999999946,-0.00015003904967602597,-0.71784,-0.00023696,0.39999999999999947,-0.0001510870014771049,-0.70054,-0.00023639,0.39999999999999947,-0.0001505389657631955
-0.45491,-0.00022149,0.38999999999999946,-0.00014632580229226365,-0.70751,-0.00023971,0.37999999999999945,-0.00015142603926878817,-0.73218,-0.00023648,0.38999999999999946,-0.0001516704579025111,-0.71453,-0.00023567,0.38999999999999946,-0.00015186416958654525
-0.46913,-0.0002257,0.37999999999999945,-0.00014702780802292267,-0.7195,-0.00023643,0.36999999999999944,-0.0001530748076923077,-0.74661,-0.00023613,0.37999999999999945,-0.00015271873786407774,-0.72884,-0.00023537,0.37999999999999945,-0.00015316406532314114
-0.48086,-0.00022613,0.36999999999999944,-0.00014845202170963375,-0.73354,-0.00023578,0.35999999999999943,-0.0001533810754985755,-0.76094,-0.00023549,0.36999999999999944,-0.00015400056367432158,-0.74331,-0.000235,0.36999999999999944,-0.00015439671309192205
-0.49253,-0.00022658,0.35999999999999943,-0.00015004246345029244,-0.74792,-0.00023551,0.3499999999999994,-0.00015489645053475947,-0.77532,-0.00023422,0.35999999999999943,-0.00015525317327766186,-0.75764,-0.0002346,0.35999999999999943,-0.00015534378830083572
-0.50451,-0.00022753,0.3499999999999994,-0.0001506638084795322,-0.76194,-0.0002338,0.3399999999999994,-0.0001568032885431401,-0.79004,-0.00023387,0.3499999999999994,-0.00015659846745976215,-0.77194,-0.00023409,0.3499999999999994,-0.00015631235294117653
-0.51621,-0.0002272,0.3399999999999994,-0.00015204907317073178,-0.77697,-0.00023442,0.3299999999999994,-0.00015787118104667618,-0.80402,-0.00023232,0.3399999999999994,-0.00015789155807365446,-0.78603,-0.00023303,0.3399999999999994,-0.0001573688344827587
-0.52862,-0.00022585,0.3299999999999994,-0.0001535210270645386,-0.79103,-0.00023373,0.3199999999999994,-0.0001589734379457918,-0.8187,-0.00023188,0.3299999999999994,-0.00015903886685552417,-0.8004,-0.0002322,0.3299999999999994,-0.00015869986896551732
-0.54261,-0.00022697,0.3199999999999994,-0.00015484649548924367,-0.80501,-0.00023208,0.3099999999999994,-0.0001601154385964913,-0.83276,-0.00023045,0.3199999999999994,-0.00015984333333333338,-0.81467,-0.0002316,0.3199999999999994,-0.00016018217725052348
-0.55686,-0.00022833,0.3099999999999994,-0.00015616581995812987,-0.81969,-0.0002317,0.2999999999999994,-0.00016130842105263165,-0.84742,-0.00022982,0.3099999999999994,-0.00016095474053295943,-0.82876,-0.00023018,0.3099999999999994,-0.00016132497432135
-0.57096,-0.00023238,0.2999999999999994,-0.00015854448780487827,-0.83373,-0.00023068,0.28999999999999937,-0.00016268483425414373,-0.86178,-0.00022889,0.2999999999999994,-0.00016232170212765964,-0.84309,-0.00022923,0.2999999999999994,-0.00016169914893617024
-0.58263,-0.00023186,0.28999999999999937,-0.0001616599402730375,-0.84804,-0.00022961,0.27999999999999936,-0.00016392884037222627,-0.87644,-0.00022873,0.28999999999999937,-0.00016338553191489366,-0.85739,-0.0002282,0.28999999999999937,-0.0001633204718945178
-0.5949,-0.00023015,0.27999999999999936,-0.00016064458191126274,-0.86241,-0.00022879,0.26999999999999935,-0.00016502984583041354,-0.89076,-0.00022809,0.27999999999999936,-0.00016428999286733243,-0.87212,-0.00022825,0.27999999999999936,-0.00016452778571428577
-0.60899,-0.00023118,0.26999999999999935,-0.0001607957089272318,-0.87677,-0.00022875,0.25999999999999934,-0.00016618611772950252,-0.90509,-0.00022771,0.26999999999999935,-0.00016529886475122644,-0.8861,-0.00022746,0.26999999999999935,-0.00016537383753501407
-0.62335,-0.00023257,0.25999999999999934,-0.00016210028629856866,-0.89072,-0.00022811,0.24999999999999933,-0.00016748026259758703,-0.91945,-0.00022757,0.25999999999999934,-0.00016672843728100922,-0.90001,-0.00022669,0.25999999999999934,-0.0001664802801120449
-0.63763,-0.00023657,0.24999999999999933,-0.0001642995156695159,-0.90505,-0.00022795,0.23999999999999932,-0.00016875288777698364,-0.93374,-0.00022684,0.24999999999999933,-0.0001678448543689321,-0.91445,-0.00022693,0.24999999999999933,-0.0001675115128383068
-0.64937,-0.00023681,0.23999999999999932,-0.00016749039886039907,-0.91911,-0.00022779,0.22999999999999932,-0.00016976789849892788,-0.94807,-0.00022647,0.23999999999999932,-0.000169166174216028,-0.92876,-0.00022647,0.23999999999999932,-0.00016875185628742527
-0.66105,-0.00023694,0.22999999999999932,-0.00016929858695652182,-0.93307,-0.00022725,0.2199999999999993,-0.00017130719887955192,-0.96243,-0.00022561,0.22999999999999932,-0.00017083167944250882,-0.9427,-0.00022574,0.22999999999999932,-0.00017067467731204271
-0.67273,-0.000237,0.2199999999999993,-0.00017029417241379316,-0.94743,-0.00022716,0.2099999999999993,-0.00017271000000000007,-0.97671,-0.00022416,0.2199999999999993,-0.00017195204888569382,-0.95713,-0.00022497,0.2199999999999993,-0.00017133086330935253
-0.68437,-0.0002369,0.2099999999999993,-0.00017116417021276602,-0.96177,-0.0002262,0.1999999999999993,-0.00017384767640769795,-0.99107,-0.00022215,0.2099999999999993,-0.00017301583806818188,-0.97141,-0.00022388,0.2099999999999993,-0.00017210873898305097
-0.69616,-0.00023353,0.1999999999999993,-0.00017217547557840624,-0.97605,-0.00022488,0.18999999999999928,-0.00017590754811119046,,,0.1999999999999993,-0.00017402849686847606,-0.98537,-0.00022157,0.1999999999999993,-0.00017379009491525434
-0.71082,-0.00023404,0.18999999999999928,-0.00017313520137103694,-0.99005,-0.00022257,0.17999999999999927,-0.0001762095166402535,,,0.18999999999999928,-0.00017496795407098128,,,0.18999999999999928,-0.0001751150313588851
-0.72542,-0.00023437,0.17999999999999927,-0.00017405151541095897,,,0.16999999999999926,-0.00017626079002079013,,,0.17999999999999927,-0.0001762956485929994,,,0.17999999999999927,-0.00017648352941176482
-0.73952,-0.00023409,0.16999999999999926,-0.00017498243359040283,,,0.15999999999999925,-0.0001777230214830216,,,0.16999999999999926,-0.00017748153082919918,,,0.16999999999999926,-0.00017793827781715103
-0.75392,-0.00023369,0.15999999999999925,-0.0001760345514950167,,,0.14999999999999925,-0.00017867286908078,,,0.15999999999999925,-0.00017802724309000712,,,0.15999999999999925,-0.00017888087172218293
-0.76786,-0.00023289,0.14999999999999925,-0.00017658538922155688,,,0.13999999999999924,-0.00017969780744905137,,,0.14999999999999925,-0.00017927241308793467,,,0.14999999999999925,-0.00017962602347762293
-0.78233,-0.0002322,0.13999999999999924,-0.00017632862261146492,,,0.12999999999999923,-0.00018083498225691987,,,0.13999999999999924,-0.00018044013333333342,,,0.13999999999999924,-0.00018031229691876756
-0.79635,-0.00023116,0.12999999999999923,-0.00017578693617021284,,,0.11999999999999923,-0.00018173633073101497,,,0.12999999999999923,-0.00018137346666666674,,,0.12999999999999923,-0.00018118064425770315
-0.8106,-0.00022971,0.11999999999999923,-0.00017697842553191496,,,0.10999999999999924,-0.0001828905574912893,,,0.11999999999999923,-0.00018253609147609156,,,0.11999999999999923,-0.00018206918339100354
-0.82571,-0.00023049,0.10999999999999924,-0.00017956928870292913,,,0.09999999999999924,-0.00018403079793340992,,,0.10999999999999924,-0.0001835509344490935,,,0.10999999999999924,-0.00018318327382173895
-0.8397,-0.00022938,0.09999999999999924,-0.00018249546017546882,,,0.08999999999999925,-0.00018463355338691165,,,0.09999999999999924,-0.0001844434405280158,,,0.09999999999999924,-0.00018465396265134425
-0.85364,-0.000228,0.08999999999999925,-0.00018318160411823326,,,0.07999999999999925,-0.00018588479767586648,,,0.08999999999999925,-0.00018533516921780656,,,0.08999999999999925,-0.00018517981844277004
-0.86845,-0.00022833,0.07999999999999925,-0.0001844768548654933,,,0.06999999999999926,-0.0001872674341776669,,,0.07999999999999925,-0.00018637463111356736,,,0.07999999999999925,-0.00018638365735115447
-0.88276,-0.00022837,0.06999999999999926,-0.00018521275904353162,,,0.059999999999999255,-0.0001886373949339994,,,0.06999999999999926,-0.00018748254464285723,,,0.06999999999999926,-0.00018820835569511853
-0.89669,-0.00022781,0.059999999999999255,-0.00018636654789719637,,,0.04999999999999925,-0.00018944882699633442,,,0.059999999999999255,-0.00018859861607142865,,,0.059999999999999255,-0.00018882211532971743
-0.91072,-0.00022763,0.04999999999999925,-0.00018760045591657338,,,0.03999999999999925,-0.00019073089242476664,,,0.04999999999999925,-0.00018994896304622746,,,0.04999999999999925,-0.00018983863588667375
-0.92506,-0.00022734,0.03999999999999925,-0.00018871242300493458,,,0.02999999999999925,-0.00019228882646158237,,,0.03999999999999925,-0.0001912177517845785,,,0.03999999999999925,-0.0001910651652013614
-0.93931,-0.00022713,0.02999999999999925,-0.00018996357179443412,,,0.019999999999999248,-0.00019342818414868625,,,0.02999999999999925,-0.0001922708297406178,,,0.02999999999999925,-0.00019224922646057864
-0.95376,-0.00022682,0.019999999999999248,-0.00019116725968926083,,,0.009999999999999247,-0.0001946202984659076,,,0.019999999999999248,-0.0001938934916666668,,,0.019999999999999248,-0.00019355383952761386
-0.96806,-0.0002254,0.009999999999999247,-0.0001923068636593066,,,-7.528699885739343e-16,-0.000195814080796003,,,0.009999999999999247,-0.00019510155004612387,,,0.009999999999999247,-0.00019481358295171745
-0.98233,-0.00022349,-7.528699885739343e-16,-0.00019344820673900638,,,-0.010000000000000753,-0.00019696708929410267,,,-7.528699885739343e-16,-0.0001960039833072722,,,-7.528699885739343e-16,-0.00019594482734919375
-0.99676,-0.00022125,-0.010000000000000753,-0.0001948004350997001,,,-0.020000000000000753,-0.00019799700507614222,,,-0.010000000000000753,-0.00019737812108658434,,,-0.010000000000000753,-0.0001965138305921843
,,-0.020000000000000753,-0.00019604893107576544,,,-0.030000000000000755,-0.00019909670528755013,,,-0.020000000000000753,-0.00019865350805629216,,,-0.020000000000000753,-0.0001978016207584832
,,-0.030000000000000755,-0.0001969608225556131,,,-0.04000000000000076,-0.00020027833390943664,,,-0.030000000000000755,-0.0001997515109678324,,,-0.030000000000000755,-0.00019964422078832945
,,-0.04000000000000076,-0.00019779586769099453,,,-0.05000000000000076,-0.00020086595921189082,,,-0.04000000000000076,-0.0002002981505361273,,,-0.04000000000000076,-0.00020072431617337643
,,-0.05000000000000076,-0.00019870069056764837,,,-0.06000000000000076,-0.00020180659268840637,,,-0.05000000000000076,-0.00020138427180527393,,,-0.05000000000000076,-0.0002017133036093419
,,-0.06000000000000076,-0.00019960522826179713,,,-0.07000000000000076,-0.00020297428431441177,,,-0.06000000000000076,-0.00020263371118542286,,,-0.06000000000000076,-0.0002025681597993551
,,-0.07000000000000076,-0.0002003628876548484,,,-0.08000000000000075,-0.00020396119549240575,,,-0.07000000000000076,-0.00020386212857435347,,,-0.07000000000000076,-0.00020312709924758156
,,-0.08000000000000075,-0.00020124208845809244,,,-0.09000000000000075,-0.00020482489798809866,,,-0.08000000000000075,-0.00020453393124170223,,,-0.08000000000000075,-0.00020411344044708355
,,-0.09000000000000075,-0.00020151872072817536,,,-0.10000000000000074,-0.000205659494949495,,,-0.09000000000000075,-0.00020536206971088906,,,-0.09000000000000075,-0.00020503619398752132
,,-0.10000000000000074,-0.00020067919696306033,,,-0.11000000000000074,-0.00020656510275165454,,,-0.10000000000000074,-0.00020664550661983258,,,-0.10000000000000074,-0.00020570267158252984
,,-0.11000000000000074,-0.0002010880157687254,,,-0.12000000000000073,-0.00020727120689655179,,,-0.11000000000000074,-0.0002067635407725322,,,-0.11000000000000074,-0.00020706688010899192
,,-0.12000000000000073,-0.00020244150412087922,,,-0.13000000000000073,-0.00020807815733522332,,,-0.12000000000000073,-0.00020739989726027407,,,-0.12000000000000073,-0.0002078988235294118
,,-0.13000000000000073,-0.00020434016277423938,,,-0.14000000000000073,-0.0002090514783821479,,,-0.13000000000000073,-0.00020865416033172087,,,-0.13000000000000073,-0.00020832859018659304
,,-0.14000000000000073,-0.0002068171620665253,,,-0.15000000000000074,-0.0002099022454672246,,,-0.14000000000000073,-0.00020963550103662756,,,-0.14000000000000073,-0.00020955181064270914
,,-0.15000000000000074,-0.00020838732360097334,,,-0.16000000000000075,-0.00021046770629370632,,,-0.15000000000000074,-0.0002105279931740615,,,-0.15000000000000074,-0.00021045576647564477
,,-0.16000000000000075,-0.00020957782971619374,,,-0.17000000000000076,-0.000211007474048443,,,-0.16000000000000075,-0.00021134108315863038,,,-0.16000000000000075,-0.00021125875536480695
,,-0.17000000000000076,-0.00021046696581196586,,,-0.18000000000000077,-0.0002123223529411766,,,-0.17000000000000076,-0.00021202591893780578,,,-0.17000000000000076,-0.0002121457367668098
,,-0.18000000000000077,-0.00021021178875638822,,,-0.19000000000000078,-0.00021309511047754815,,,-0.18000000000000077,-0.00021297329411764713,,,-0.18000000000000077,-0.0002128508274398869
,,-0.19000000000000078,-0.00020829281911262813,,,-0.2000000000000008,-0.00021377192982456147,,,-0.19000000000000078,-0.0002139830090972709,,,-0.19000000000000078,-0.00021359513645906236
,,-0.2000000000000008,-0.0002099173924914677,,,-0.2100000000000008,-0.00021467017543859657,,,-0.2000000000000008,-0.00021485074877536747,,,-0.2000000000000008,-0.00021439902729181252
,,-0.2100000000000008,-0.00021087982808022928,,,-0.2200000000000008,-0.00021529161917998614,,,-0.2100000000000008,-0.0002154027467811159,,,-0.2100000000000008,-0.00021518979006298117
,,-0.2200000000000008,-0.00021220385041551272,,,-0.23000000000000081,-0.00021577793571428576,,,-0.2200000000000008,-0.0002160082442748092,,,-0.2200000000000008,-0.00021610291060291067
,,-0.23000000000000081,-0.00021540329639889224,,,-0.24000000000000082,-0.00021615588235294125,,,-0.23000000000000081,-0.00021677160305343517,,,-0.23000000000000081,-0.0002169
,,-0.24000000000000082,-0.00021610940568475456,,,-0.25000000000000083,-0.0002167441176470589,,,-0.24000000000000082,-0.0002172121561604585,,,-0.24000000000000082,-0.0002169
,,-0.25000000000000083,-0.0002162961206896552,,,-0.26000000000000084,-0.00021743781855955685,,,-0.25000000000000083,-0.0002178132750174948,,,-0.25000000000000083,-0.00021747680672268911
,,-0.26000000000000084,-0.00021653563189143345,,,-0.27000000000000085,-0.00021798529243937227,,,-0.26000000000000084,-0.00021848717647058826,,,-0.26000000000000084,-0.00021794514851485147
,,-0.27000000000000085,-0.0002165650428816466,,,-0.28000000000000086,-0.0002176429243937232,,,-0.27000000000000085,-0.0002189577647058824,,,-0.27000000000000085,-0.0002179592927864215
,,-0.28000000000000086,-0.00021588566098945647,,,-0.29000000000000087,-0.00021799074023303637,,,-0.28000000000000086,-0.00021900771101573675,,,-0.28000000000000086,-0.00021831209790209793
,,-0.29000000000000087,-0.0002142960421735603,,,-0.3000000000000009,-0.0002185342441054092,,,-0.29000000000000087,-0.00021904208100558662,,,-0.29000000000000087,-0.0002184644561403509
,,-0.3000000000000009,-0.00021481997907949797,,,-0.3100000000000009,-0.00021909596393897371,,,-0.3000000000000009,-0.0002193912430167598,,,-0.3000000000000009,-0.00021845020041465105
,,-0.3100000000000009,-0.00021518406562054209,,,-0.3200000000000009,-0.0002195804326587579,,,-0.3100000000000009,-0.00021958423317140877,,,-0.3100000000000009,-0.00021876809951624053
,,-0.3200000000000009,-0.00021526905792044668,,,-0.3300000000000009,-0.00021934073475385736,,,-0.3200000000000009,-0.0002196543082437276,,,-0.3200000000000009,-0.0002189253146853147
,,-0.3300000000000009,-0.00021591804605722268,,,-0.3400000000000009,-0.00021846647719762075,,,-0.3300000000000009,-0.00021960667132867135,,,-0.3300000000000009,-0.00021903023743016762
,,-0.3400000000000009,-0.00021611655024946543,,,-0.3500000000000009,-0.00021984122934567098,,,-0.3400000000000009,-0.00021973254545454548,,,-0.3400000000000009,-0.00021926068435754192
,,-0.3500000000000009,-0.00021629268342391312,,,-0.36000000000000093,-0.00022044061965811968,,,-0.3500000000000009,-0.00021981017993079587,,,-0.3500000000000009,-0.00021969620069204156
,,-0.36000000000000093,-0.00021708752038043485,,,-0.37000000000000094,-0.00022047881929445647,,,-0.36000000000000093,-0.00021992396457765672,,,-0.36000000000000093,-0.00022007849892780558
,,-0.37000000000000094,-0.0002189434500000002,,,-0.38000000000000095,-0.00022052921526277897,,,-0.37000000000000094,-0.00022033949591280657,,,-0.37000000000000094,-0.00022025005003573983
,,-0.38000000000000095,-0.00022058449593495943,,,-0.39000000000000096,-0.00022082304709141278,,,-0.38000000000000095,-0.00022088308219178087,,,-0.38000000000000095,-0.0002205044179523142
,,-0.39000000000000096,-0.00022125530161427355,,,-0.40000000000000097,-0.00022123673184357547,,,-0.39000000000000096,-0.0002212821954674221,,,-0.39000000000000096,-0.00022089406639004154
,,-0.40000000000000097,-0.00022109387425658453,,,-0.410000000000001,-0.00022175349162011177,,,-0.40000000000000097,-0.00022109097733711045,,,-0.40000000000000097,-0.00022139890132960116
,,-0.410000000000001,-0.00021918700418410022,,,-0.420000000000001,-0.00022234318820224725,,,-0.410000000000001,-0.00022220196392785585,,,-0.410000000000001,-0.00022181177746676
,,-0.420000000000001,-0.00021937083798882688,,,-0.430000000000001,-0.00022290542613636368,,,-0.420000000000001,-0.0002232707439198856,,,-0.420000000000001,-0.00022242506502395627
,,-0.430000000000001,-0.0002200265551601424,,,-0.440000000000001,-0.0002234441666666667,,,-0.430000000000001,-0.00022377145922746784,,,-0.430000000000001,-0.00022314830449826997
,,-0.440000000000001,-0.00022044648398576518,,,-0.450000000000001,-0.00022413861111111118,,,-0.440000000000001,-0.00022404127931769725,,,-0.440000000000001,-0.00022386110726643605
,,-0.450000000000001,-0.0002211409965156795,,,-0.460000000000001,-0.0002247623909985936,,,-0.450000000000001,-0.00022441488111888116,,,-0.450000000000001,-0.00022432964824120607
,,-0.460000000000001,-0.00022299695499296797,,,-0.47000000000000103,-0.00022543435114503825,,,-0.460000000000001,-0.00022490764375876585,,,-0.460000000000001,-0.00022455551896921974
,,-0.47000000000000103,-0.00022573189258312025,,,-0.48000000000000104,-0.000226426717557252,,,-0.47000000000000103,-0.00022554579242636754,,,-0.47000000000000103,-0.000224483937007874
,,-0.48000000000000104,-0.000226098473998295,,,-0.49000000000000105,-0.00022650281227173117,,,-0.48000000000000104,-0.00022640166666666677,,,-0.48000000000000104,-0.00022520843750000006
,,-0.49000000000000105,-0.00022648244215938307,,,-0.500000000000001,-0.00022671368384879733,,,-0.49000000000000105,-0.00022723472103004298,,,-0.49000000000000105,-0.00022576669699090276
,,-0.500000000000001,-0.00022717236227045082,,,-0.510000000000001,-0.00022751093470790387,,,-0.500000000000001,-0.0002276710586552218,,,-0.500000000000001,-0.0002261766348122868
,,-0.510000000000001,-0.00022737515384615382,,,-0.520000000000001,-0.00022846480276816618,,,-0.510000000000001,-0.00022830328919860635,,,-0.510000000000001,-0.00022731656655290114
,,-0.520000000000001,-0.00022678771152296522,,,-0.530000000000001,-0.0002292716875871688,,,-0.520000000000001,-0.00022885545138888892,,,-0.520000000000001,-0.00022834230662983435
,,-0.530000000000001,-0.00022596047891350972,,,-0.540000000000001,-0.00022995265592151376,,,-0.530000000000001,-0.00022923739583333337,,,-0.530000000000001,-0.00022919737787356324
,,-0.540000000000001,-0.00022676105075053617,,,-0.550000000000001,-0.0002309617659425369,,,-0.540000000000001,-0.00022977069230769237,,,-0.540000000000001,-0.00022954938936781613
,,-0.550000000000001,-0.00022767529122807027,,,-0.560000000000001,-0.0002313810706482156,,,-0.550000000000001,-0.00023039047131147546,,,-0.550000000000001,-0.00022973258403361345
,,-0.560000000000001,-0.00022923191489361731,,,-0.5700000000000011,-0.00023164671766342149,,,-0.560000000000001,-0.00023107249480249485,,,-0.560000000000001,-0.00023015859364435438
,,-0.5700000000000011,-0.00023210425531914922,,,-0.5800000000000011,-0.0002323699443671767,,,-0.5700000000000011,-0.00023165461538461545,,,-0.5700000000000011,-0.00023114574712643687
,,-0.5800000000000011,-0.00023197718937446437,,,-0.5900000000000011,-0.00023256788793103448,,,-0.5800000000000011,-0.00023222195530726261,,,-0.5800000000000011,-0.00023162415094339625
,,-0.5900000000000011,-0.00023083288508557443,,,-0.6000000000000011,-0.00023309848443843042,,,-0.5900000000000011,-0.00023282209497206712,,,-0.5900000000000011,-0.00023226407103825146
,,-0.6000000000000011,-0.00023052281760113565,,,-0.6100000000000011,-0.00023418102841677954,,,-0.6000000000000011,-0.00023359025139664815,,,-0.6000000000000011,-0.00023322035519125693
,,-0.6100000000000011,-0.00023127776462395552,,,-0.6200000000000011,-0.00023493208362369345,,,-0.6100000000000011,-0.00023432245492371716,,,-0.6100000000000011,-0.00023360024096385546
,,-0.6200000000000011,-0.0002322457311977717,,,-0.6300000000000011,-0.00023555803083391737,,,-0.6200000000000011,-0.00023498685094471664,,,-0.6200000000000011,-0.00023406848145556341
,,-0.6300000000000011,-0.00023443274509803952,,,-0.6400000000000011,-0.00023606472340425536,,,-0.6300000000000011,-0.00023553268719384192,,,-0.6300000000000011,-0.0002345653463960812
,,-0.6400000000000011,-0.0002366184497444634,,,-0.6500000000000011,-0.00023640514893617025,,,-0.6400000000000011,-0.000236274699453552,,,-0.6400000000000011,-0.000234684310706788
,,-0.6500000000000011,-0.0002368170119863014,,,-0.6600000000000011,-0.000236465641025641,,,-0.6500000000000011,-0.0002368145391545392,,,-0.6500000000000011,-0.0002351792541436465
,,-0.6600000000000011,-0.00023692831335616439,,,-0.6700000000000012,-0.00023659358904109596,,,-0.6600000000000011,-0.00023705708939708944,,,-0.6600000000000011,-0.0002356876223776224
,,-0.6700000000000012,-0.00023698597602739725,,,-0.6800000000000012,-0.00023719632876712334,,,-0.6700000000000012,-0.00023710145454545456,,,-0.6700000000000012,-0.00023575755244755245
,,-0.6800000000000012,-0.00023693754295532645,,,-0.6900000000000012,-0.0002390721899362157,,,-0.6800000000000012,-0.00023720937325905295,,,-0.6800000000000012,-0.0002359767924528302
,,-0.6900000000000012,-0.0002352907463952499,,,-0.7000000000000012,-0.00024010221746575337,,,-0.6900000000000012,-0.00023731611111111106,,,-0.6900000000000012,-0.0002362003529411765
,,-0.7000000000000012,-0.000233663587994543,,,-0.7100000000000012,-0.00023902883236029992,,,-0.7000000000000012,-0.0002370383333333333,,,-0.7000000000000012,-0.00023638028373702426
,,-0.7100000000000012,-0.0002340114733969987,,,-0.7200000000000012,-0.00023640685185185182,,,-0.7100000000000012,-0.00023695465211459756,,,-0.7100000000000012,-0.00023590313795568258
,,-0.7200000000000012,-0.00023424749315068496,,,-0.7300000000000012,-0.00023594388888888883,,,-0.7200000000000012,-0.00023688769874476983,,,-0.7200000000000012,-0.00023555532494758908
,,-0.7300000000000012,-0.00023427904964539004,,,-0.7400000000000012,-0.00023565870653685672,,,-0.7300000000000012,-0.00023655297071129705,,,-0.7300000000000012,-0.00023534033863165164
,,-0.7400000000000012,-0.00023407666666666664,,,-0.7500000000000012,-0.0002352563052781739,,,-0.7400000000000012,-0.00023629032571032568,,,-0.7400000000000012,-0.00023508463718037315
,,-0.7500000000000012,-0.00023379888888888886,,,-0.7600000000000012,-0.00023403661911554905,,,-0.7500000000000012,-0.00023597859734822047,,,-0.7500000000000012,-0.00023481325889741797
,,-0.7600000000000012,-0.0002333410760401721,,,-0.7700000000000012,-0.0002341324817032602,,,-0.7600000000000012,-0.0002355319818562456,,,-0.7600000000000012,-0.00023451583216783212
,,-0.7700000000000012,-0.00023278795438838972,,,-0.7800000000000012,-0.00023427130156472256,,,-0.7700000000000012,-0.00023468984700973563,,,-0.7700000000000012,-0.00023415918881118878
,,-0.7800000000000012,-0.00023231110573600547,,,-0.7900000000000013,-0.00023378054765291602,,,-0.7800000000000012,-0.00023410872282608692,,,-0.7800000000000012,-0.0002334836408800567
,,-0.7900000000000013,-0.0002316310413694721,,,-0.8000000000000013,-0.00023267130901287537,,,-0.7900000000000013,-0.0002338709510869565,,,-0.7900000000000013,-0.00023280069589422402
,,-0.8000000000000013,-0.00023078859649122794,,,-0.8100000000000013,-0.00023195083106267026,,,-0.8000000000000013,-0.0002327657081545063,,,-0.8000000000000013,-0.00023222310368823933
,,-0.8100000000000013,-0.00022977105263157882,,,-0.8200000000000013,-0.00023167747863247852,,,-0.8100000000000013,-0.00023214076294277925,,,-0.8100000000000013,-0.00023179635599159069
,,-0.8200000000000013,-0.00023019524156187962,,,-0.8300000000000013,-0.00023095098290598282,,,-0.8200000000000013,-0.00023174778093883343,,,-0.8200000000000013,-0.00023106283889283167
,,-0.8300000000000013,-0.0002301496211579699,,,-0.8400000000000013,-0.00023021117400419278,,,-0.8300000000000013,-0.0002307307112375532,,,-0.8300000000000013,-0.00023009779483600828
,,-0.8400000000000013,-0.00022935030129124807,,,-0.8500000000000013,-0.0002294981558803061,,,-0.8400000000000013,-0.00023013886766712135,,,-0.8400000000000013,-0.00022943484996510807
,,-0.8500000000000013,-0.00022836034433285497,,,-0.8600000000000013,-0.00022892752261656222,,,-0.8500000000000013,-0.00022965291086350965,,,-0.8500000000000013,-0.00022873228671328662
,,-0.8600000000000013,-0.0002281417150573937,,,-0.8700000000000013,-0.00022876885793871867,,,-0.8600000000000013,-0.00022900527855153195,,,-0.8600000000000013,-0.00022820885947046844
,,-0.8700000000000013,-0.0002283343326345213,,,-0.8800000000000013,-0.00022860181362007164,,,-0.8700000000000013,-0.00022880028649386084,,,-0.8700000000000013,-0.0002282428038017651
,,-0.8800000000000013,-0.000228362285115304,,,-0.8900000000000013,-0.00022814303225806445,,,-0.8800000000000013,-0.00022857089385474853,,,-0.8800000000000013,-0.0002278047067238912
,,-0.8900000000000013,-0.00022807894472361804,,,-0.9000000000000014,-0.00022800638520586184,,,-0.8900000000000013,-0.00022812396648044686,,,-0.8900000000000013,-0.00022724411214953264
,,-0.9000000000000014,-0.0002277675338560228,,,-0.9100000000000014,-0.00022789366998577525,,,-0.9000000000000014,-0.00022784497557571523,,,-0.9000000000000014,-0.00022669055355859088
,,-0.9100000000000014,-0.00022763923734853882,,,-0.9200000000000014,-0.00022775557306590254,,,-0.9100000000000014,-0.00022766213091922005,,,-0.9100000000000014,-0.00022685603878116347
,,-0.9200000000000014,-0.0002274423291492329,,,-0.9300000000000014,-0.00022736875358166184,,,-0.9200000000000014,-0.00022754190342897122,,,-0.9200000000000014,-0.00022675159329140456
,,-0.9300000000000014,-0.00022726719999999998,,,-0.9400000000000014,-0.00022720656685236768,,,-0.9300000000000014,-0.000227031056682995,,,-0.9300000000000014,-0.00022640506456241024
,,-0.9400000000000014,-0.00022711519723183388,,,-0.9500000000000014,-0.00022698794979079487,,,-0.9400000000000014,-0.00022667836706210742,,,-0.9400000000000014,-0.00022588139167862257
,,-0.9500000000000014,-0.00022690066435986157,,,-0.9600000000000014,-0.00022631849372384928,,,-0.9500000000000014,-0.00022635441504178263,,,-0.9500000000000014,-0.00022535046431046424
,,-0.9600000000000014,-0.0002262003636363635,,,-0.9700000000000014,-0.00022543924369747886,,,-0.9600000000000014,-0.00022575552924791078,,,-0.9600000000000014,-0.00022475093137254892
,,-0.9700000000000014,-0.00022514033637000683,,,-0.9800000000000014,-0.00022422824999999977,,,-0.9700000000000014,-0.00022484133753501387,,,-0.9700000000000014,-0.00022398762605042006
,,-0.9800000000000014,-0.0002238018640504553,,,-0.9900000000000014,-0.00022257824999999976,,,-0.9800000000000014,-0.00022369949164345384,,,-0.9800000000000014,-0.00022245858882521466
,,-0.9900000000000014,-0.00022229936936936915,,,,,,,-0.9900000000000014,-0.00022229977019498588,,,-0.9900000000000014,-0.0002208038610315184
,,-1.0000000000000013,-0.0002207470478170476,,,,,,,,,,,,
